Анекдот, Жена мужу говорит:\n- Давай займемся любовью, как в фильмах!\nМуж согласился. Имел ее, как хотел, потом на лицо ей кончил...\nОна вытирается:\n- Дааа, любимый! Разные мы с тобой фильмы смотрим!!!
Анекдот, – Где ты была? Я так ждал тебя…\n– Прости, но я не могу приходить каждый день.\n– Почему?\n– Я же Пятница...
Анекдот, - Роза Марковна, а шо ви всегда машете мине рукой в глазок? Bи таки думаете я туда смотрю все время?
Анекдот, Миллеру дали "Героя труда", потому что всё остальное у него есть...
Анекдот, У Анны Семенович в 7-ом классе была твёрдая четвёрка.
Анекдот, Самый дорогим ребрендингом в истории человечества было переименование\nКПСС в Единую Россию.
Анекдот, Женское.\nДом там, где кремы.
Анекдот, Не надо искать идеальных, всегда ищите настоящих...
Анекдот, По-настоящему неудачно жениться - это когда сам стираешь свой фартук.
Анекдот, Беда не приходит одна. После взрыва на цементном заводе, прошел дождь, и\nжизнь на предприятии окончательно замерла.
Анекдот, По поводу отключения интернета... любой физик вам объяснит, что образующийся пар надо куда-то стравливать, иначе котёл может пизд@нуть так, что мало никому не покажется.
Анекдот, Чужой человек, ставший родным — уже никогда не будет чужим; родной человек, ставший чужим — уже никогда не будет родным.
Анекдот, Идеальное описание жизни русского человека: сначала все хуево, а потом случается какая-нибудь беда.
Анекдот, Сисадмин - это компьютерный проктолог.
Анекдот, Уважаемый! Господин, в 10-ый раз подряд заказывающий "Владимирский\nцентрал", имейте совесть! У нас есть посетители, которые сидели и в\nдругих местах!
Анекдот, В российской армии больше нет дедовщины, а есть духовность. Духовность обычно начинается в казарме среди ночи с дикого вопля: "Духи, строиться!".
Анекдот, У вас тоже складывается впечатление, что Жириновский управлял порталом идиотизма в Госдуме и когда его ввели в кому, то произошел неконтролируемый выброс?
Анекдот, Если во дворе вашего дома появилась высотка, то вам будет трудно не заметить, как похорошела Москва при Сергее Семеновиче Собянине.
Анекдот, Приходит програмер вечером домой весь в крови и без руки.\nЖена спрашивает: - Что случилось, дорогой???\nПрограмер: - Да так в кулер засосало ..
Анекдот, Ищу девушку, которая любит делать минет. Цель знакомства - дружба и переписка.
Анекдот, Те люди, которые очень сытно жили при социализме, взялись за строительство капитализма, чтобы жить еще сытнее... И местами у них получилось. Но эти места - за границей или за очень высокими заборами с охраной.
Анекдот, В нашей сказке - хрустальная туфелька оказывается впору только одной Золушке. И Принц с Золушкой живут долго и счастливо! В восточной же сказке туфелька оказывается по размеру многим девушкам и Принц со своим гаремом тоже живет долго и счастливо!
Анекдот, Жизненный успех даётся не каждому. Он зависит от генетической предрасположенности и чаще всего приходит к тому, кто родился в семье высокопоставленных чиновников.
Анекдот, Дорогие мужчины, не судите нас по килограммам, да по сантиметрам не судимы будете!!!
Анекдот, В аптеке.\n- Можно пачку презервативов?\n- Нет.\n- Почему?\n- Год семьи!
Анекдот, Дайте человеку рыбу и он будет сыт один день.\nДайте человеку удочку и он заебет вас до смерти рыбацкими историями.
Анекдот, Как полководцы всегда готовят армию к прошедшей войне, так и преподаватели в учебных заведениях готовят студентов к профессиям прошлого.
Анекдот, Судят человека, которому за 80 и приговаривают его к 25 годам.\nОн выслушал приговор и в последнем слове сказал:\n- Граждане судьи, благодарю за доверие. Постараюсь его оправдать.
Анекдот, Жена:\n- Я вот была сегодня на выставке котов. Какие там красавцы! Я, конечно, нашего люблю, но он по сравнению с ними - лошок...\nМуж:\n- Как я тебя понимаю! Я ведь недавно телеконкурс "Мисс Мира" смотрел.
Анекдот, Банкир Кац вручает бедному еврею конверт со сторублёвой купюрой и говорит:\n- Бери и благодари Господа, ибо всё делается по воле его!\nУзнав об этом, жена бедняка замечает:\n- Если Кац по поручению Всевышнего дал нам сто рублей, сколько же он оставил себе за посредничество?
Анекдот, Как говорил один немец:\n- Наша Эльза порщ фарить не мошет, но ипаца - солотые руки!
Анекдот, Когда я пошла работать в психологический центр, то надеялась разобраться с тараканами в голове.\nСпустя год работы появилось ощущение, что каждый из них получил неплохое образование и теперь может аргументировано защищаться.
Анекдот, Бог создал людей разными,\nСтив Джобс уравнял их в понтах.
Анекдот, Топ-3 лучших актёров:\n3. Том Харди.\n2. Роберт Де Ниро.\n1. Ты, когда тебе показывают видео с чужим ребёнком, и ты изображаешь интерес и радость.
Анекдот, Вопрос армянскому радио:\n- Может ли мужчина умереть от засоса на шее?\nОтвет:\n- Может, если этот засос обнаружит его жена.
Анекдот, Наконец-то импортозаместили Камасутру! Наше издание называется "Иван да Марья. Голь на выдумки хитра". Дополнительно включены разделы с действием на русской печи и с участием медведя.
Анекдот, Трамп в предвыборной кампании сделал козырный ход - заболел коронавирусом!\nБайдену придется сдохнуть, чтоб уравнять шансы.
Анекдот, Керри: США не перехватывают переговоры глав дружественных стран.\n- После прочтения они бережно доставляются адресату.
Анекдот, - Знаешь, как называются затычки для ушей?\n- Как?\n- "Беруши".\n- Ага, теперь понял, почему шорты называются "бермуды"...
Анекдот, Ко мне приехала сестра, ей четырнадцать лет. И вновь убедился, насколько их поколение отличается от нашего. Её волнуют только шмотки, тусовки, магазины. За три дня ни одного вопроса, кому достанется квартира деда.
Анекдот, Самое вкусное в японском ресторане - это русская водка и немецкое пиво.
Анекдот, Объявление в газете: "Бульдозерист 6-го разряда ищет работу на дому".
Анекдот, - Девушка, давайте поужинаем и позавтракаем?\n- У меня уже есть с кем ужинать и завтракать.\n- Тогда пообедаем?\n- Хм. Ладно. Но гостиница за твой счет.
Анекдот, - Как же хорошо летом на природе: запах разнотравья, щебет птиц, журчание реки! А эти нежнейшие ароматные шашлыки - ешь-ешь и никак не можешь остановиться!\n- Петрович, какая-то странная у тебя объяснительная о прогуле получается...
Анекдот, "Мне только что исполнилось 20. Я встречаюсь с девушкой, которая спала с моим братом, когда мне было 10. Брат 1988 года рождения"\n- Кто-нибудь, поместите этот твит в учебник по математике для пятого класса!
Анекдот, В сексе мне больше всего нравится, когда он есть.
Анекдот, Apple предьявило Samsung очередной патентный иск и отсудило 100 миллионов долларов, Samsung выставил встречный иск и тоже добился компенсации.\nА всего-то... в цехе готовой продукции Китая перепутали шильдики.
Анекдот, Крокодил Гена так стеснялся своего имени, что решил представляться просто "Lacoste".
Анекдот, Когда сборная проиграла - ОНИ проиграли. Кода выиграла - МЫ выиграли.
Анекдот, - Добрый день. Говорили, что сегодня можно ждать зарплату.\n- Добрый, да, ждать можно.
Анекдот, Если выбирать между белыми смертями, то сахар и соль я боюсь куда меньше, чем белых медведей.
Анекдот, Вы когда-нибудь встречали людей, которые превращают всё в соревнование?\nЯ встречал их больше.
Анекдот, Женский таз радует глаз.
Анекдот, Прежде чем завести человека, не мешает выяснить, есть ли у него тормоза.
Анекдот, В расстрелах на Майдане виновна Рота Смерти, об этом заявила Бригада Лжи, выступая по телевидению перед Армадой Лохов.
Анекдот, Сидят Вася и Петя на кухне в "хрущобе" за литром водовки, и беседуют:\n- Скушно мне, Петя, как-то, в газетке прочитал, что "хобби" надо\nзавести. Может мне картины собирать?\n- Не-а, Вася! С твоей жилплощадью лучше марки!
Анекдот, Я частенько говорю "понятия не имею", хотя на самом деле имею. Просто я слишком ленив, чтобы кому-то что-то объяснять.
Анекдот, На вопрос депутату Милонову, откуда у него на жестком диске рабочего компьютера 1,2 Тб гей–порно, он ответил, что героически пытался выкачать всё гей–порно из интернета, чтобы его не смогли увидеть дети.
Анекдот, - Алло, полиция! Меня похитили инопланетяне!\n- Вы пьяный?\n- Да, так совпало.
Анекдот, - Поговаривают, что Петровича жена к другому ушла. Ты не в курсе, он\nсильно переживает?\n- Не то слово. Вторую неделю на работу не выходит. Заколотил гвоздями\nвходную дверь, мало ли, вдруг жена передумает.
Анекдот, Пока Маслаченко комментировал финал лиги чемпионов, Гоблин рыдал от\nзависти.
Анекдот, Президент России Владимир Владимирович Путин издал указ\nо переименовании сайта НТВ.ru в НТВ.net
Анекдот, Нехватку врачей решили бесплатной раздачей белых халатов на улицах.
Анекдот, Звонок в 8 утра на радио:\n- Я нашел пенёк, весь покрытый грибами. Как узнать, опята это или поганки?\n- Конечно, поганки. К 6.00 ни одного пенька со съедобными грибами в лесу не остается.
Анекдот, Настроение - зайти в "Л'Этуаль", попросить, чтобы дали понюхать парфюм, чихнуть и сказать: "Что-то вообще ничем не пахнет".
Анекдот, Уважайте своих родителей. Они закончили школу без Гугла и Википедии.
Анекдот, Что нужно моей девушке, чтобы за одну минуту сломать ноутбук:\n1. Ноутбук\n2. Одна минута
Анекдот, Как всё изменилось! Раньше говорили:\n- Поет, как соловей.\nА сейчас:\n- Пиздит, как Соловей.
Анекдот, Август! Надеюсь, ты понимаешь, что тебе надо будет отработать за июнь и июль.
Анекдот, От кашляющих в трамвае людей защищают наушники. Пока я не слышу, как они кашляют, я не боюсь.
Анекдот, Толстая пациентка у врача.\nВрач:\n- Таблетки для похудения пьете?\nПациентка:\n- Пью.\n- А сколько?\n- Сколько, сколько... Пока не наемся!
Анекдот, Возможна ли дружба между мужчиной и женщиной? Несомненно, но\nпрезервативы нужно всегда иметь с собой.
Анекдот, Так хорошо новость начиналась...\nПутин в Магадане...\nА он там, оказалось, с рабочей поездкой..
Анекдот, - Уважаемый министр финансов, как вы предлагаете пополнить бюджет?\n- А давайте лучше урежем расходы - например, зарплаты чиновникам и депутатам снизим, а подрабатывать они пусть будут на свадьбах и корпоративах!
Анекдот, Росздравнадзор запретил продажу британских презервативов Durex. "Своих гондонов хватает",- заявили в ведомстве.
Анекдот, - Мне кажется, играть на бубне легче всего!\n- Ну не знаю... Всё зависит от расклада и прикупа.
Анекдот, - Сколько вы весите?\n- 135!\n- А сколько хотите весить?\n- 90!\n- Так, 135 минус 90 это 45 килограммов. Ну, ногу можно отрезать!\n- Что?!\n- Ну-ну, я просто варианты перебираю.
Анекдот, Женщины — это слабый пол. Но жёны в эту категорию НЕ ВХОДЯТ!
Анекдот, Какой же бессердечной сукой нужно быть, чтобы на старом телефоне гуглить модели нового для покупки.
Анекдот, Совет Европы рекомендует России:\n1. Срочно понизить уровень шума самолетов.\n2. Срочно повысить уровень шума подводных лодок.
Анекдот, Увидел на дни.ру: "Королева оправдалась за интимное фото".\nНеужели, думаю, английская королева решила тряхнуть стариной? Ан, нет, - это Наташа.
Анекдот, Идеалом средневековой романтики единогласно признали Ксению Собчак,\nпоскольку она одновременно символизирует и принцессу и лошадь.
Анекдот, Только у нас скользкие дороги посыпают не песком, а матерными словами
Анекдот, – Угадай, какую звезду сегодня в городе увидел?\n– Да в Питере полно звёзд живёт!\n– Солнце!\n– Да ладно?! Расскажи!
Анекдот, Мои ошибки многому меня научили. Подумываю о том, чтобы совершить еще несколько.
Анекдот, Хочется в принципе понять, с курящими на балконах будут бороться снайперы или сразу ракетами "Калибр" хуярить будут?
Анекдот, Президент, летящий во главе косяка журавлей… Дети, арестованные за игру в снежки… Поверят ли нам внуки, что это было на самом деле?..
Анекдот, Вышла новая "Камасутра" для толстых. В ней так и написано: "Либо так, либо никак".
Анекдот, Когда у тебя отличное настроение, говорят "Чувствую себя на миллион долларов".\nТак вот сегодня чувствую себя примерно на 5 рублей.
Анекдот, Путин снова разрешил исполнять в турецких отелях хит "О боже, какой мужчина".
Анекдот, Госдолг России вырос до суммы в 25 триллионов рублей. Всего чиновников в стране 2,5 миллиона. Получается, что каждый чиновник должен по 10 миллионов рублей. Интересно, когда за ними придут коллекторы?
Анекдот, Если выбирать между Паркинсоном и Альцгеймером, я выбрал бы Паркинсона.\nЛучше пролить немного виски себе на брюки, чем забыть, куда ты поставил целую бутылку.
Анекдот, Не могу понять, чего все докопались до Захарченко.\nВедь даже школьнику понятно, чем больше взяток возьмет борец с коррупцией, тем меньше их достанется коррупционерам.\nВозможно, его даже следует наградить именными часами.\nХотя ... что-то мне подсказывает - есть у него уже квартира часов.
Анекдот, - А у кого есть самокаты, расскажите, на что стоит обратить внимание при выборе? В основном я хочу его использовать, чтобы добираться до работы и обратно.\n- У меня есть самокат. Советую обратить внимание на велосипеды.
Анекдот, Среди ягод боярышника бытует поверье, что герои, устоявшие перед гусеницами и жучками, после сбора урожая попадают в Вальгаллу, наполненную водкой.
Анекдот, - Не смотрите на меня так, как будто я вам должен миллион.\n- Десять тысяч  — тоже деньги.
Анекдот, Самый стpашный звеpь - это жаба, она задyшила больше половины населения\nземного шаpа.
Анекдот, Только племя нуждается в вожде.\nНормальной стране, а также умным и независимым людям нужен умный и неприметный администратор.
Анекдот, У дембелей первые пару дней на гражданке не работает часть мозга, отвечающая за деление девушек на красивых-некрасивых.
Анекдот, Жена у меня - просто ангел. Прихожу с работы - ничего делать не надо: уроки с детьми сделала, поесть приготовила, в магазин сбегала, постирала, убрала, к соседке сходила, поболтала, к соседу сходила, потрахалась.
Анекдот, Сначала я откладываю дела на вечер, а потом нахер.
Анекдот, Жизнь женщины - сплошное ЛА ЛА ЛА: встаЛА разбудиЛА проводиЛА постираЛА погладиЛА приготовиЛА убраЛА забраЛА уроки сде ЛА ЛА !!! и т. д. короче - ПРОСТО ПЕСНЯ!!!
Анекдот, Мужик жалуется дpугу:\n- Kажется, моя жена мне изменяет.\nДpуг:\n- Как узнал?\n- Да я в дpугой гоpод пеpеехал, а к нам\nвсе тот же водопpоводчик ходит...
Анекдот, С каждым прожитым годом быть вечно молодым и вечно пьяным становится все сложнее.
Анекдот, - Чем русский отличается от китайца?\n- В Хабаровском крае уже ничем.
Анекдот, - Укажите ваши недостатки.\n- Лень...\n- И всё?\n- Лень перечислять...
Анекдот, Греф анонсировал «гигантский сдвиг» в экономике благодаря блокчейну. По-моему, сдвиг уже произошел, только не в экономике, а у самого Грефа!
Анекдот, Билл Гейтс выделил $10 миллионов на борьбу с коронавирусом.\nДжек Ма выделил $21 млн на исследования коронавируса.\nНе остались в стороне и российские олигархи.\nОлег Дерипаска, например, сделал важное заявление.
Анекдот, - Мужики, кто-нибудь разбирается в растениях? Я герань залил, что делать?\n- И что, сильно?\n- Соседи снизу сказали, сильно.
Анекдот, Новый русский на заправке, читает инструкцию по пользовнию бензоколонкой:\n1. Достаньте пистолет.\nДостает из кобуры макарова.\n2. Вставьте пистолет в бак.\nВставляет.\n3. А теперь нажмите.\n- ...
Анекдот, Что толку, если для нас теперь все пути открыты, когда нет денег на дорогу?
Анекдот, 52% россиян выступают за полное отключение Интернета. Думаю, они не подозревают, что "Одноклассники" тоже как-то с Интернетом связаны
Анекдот, Вчера Матч ТВ показал золотой финал молодёжки по хоккею за 2011 год вместо финала 2020 года. Кто в курсе, что нам покажут во время предстоящей Олимпиады? Олимпиаду в Сочи или в Москве?
Анекдот, Коронавирус обходит тех, кто выплачивает кредиты.
Анекдот, Подъехав к пеpекpестку на своем ``Пежо``, Бpиджит пpопускает зеленый\nсвет светофоpа, потом кpасный, снова зеленый и еще pаз кpасный. К ней\nподходит полицейский и галантно осведомляется:\n- Мадемуазель пpедпочитает какой-то дpугой цвет ?
Анекдот, - Мне кажется, что ты меня не любишь.\n- Не говори глупости. Я всех не люблю.
Анекдот, - Я тебя вычислю по IP!\n- Валяй, тебя-то я давно вычислил по IQ.
Анекдот, О платных дорогах. В России одна извечная беда задумала сделать вторую\nбеду платной.\nОлег Бутаев
Анекдот, Это как же нужно не любить секс, чтобы назвать его супружескими обязанностями или, ещё хуже, супружеским долгом.
Анекдот, «Важнейший ингредиент нашей колбасы – это наши люди!»\n(Из интервью директора мясокомбината)
Анекдот, В моём возрасте при праздновании Нового года проблема заключается не в поиске хаты, а поиске желания отмечать его вообще.
Анекдот, Под Москвой сдуло ветром пирамиду, построенную 10 лет назад. Из пирамид под Каиром, построенных 4000 лет назад, раздается обидный смех.
Анекдот, Даже у самого хорошего и честного мужчины есть женщина, которая считает его мудаком.
Анекдот, Если бы не русский язык, Гондурас так бы и остался маленькой, практически никому не известной страной в Южной Америке.
Анекдот, На конкурсе о ребрендинге названия передачи "Поле Чудес" с большим отрывом победило название "В стране Дураков".
Анекдот, Перед некоторыми порнороликами просто необходима надпись "Не пытайтесь повторить это в домашних условиях".
Анекдот, Мужик заходит в парикмахерскую:\n- Я хочу побриться только с одной стороны. Это должно стоить полцены.\nЛогично?\n- Давай, фиг с тобой! Садись. Ну и какую сторону будем брить?\n- Наружную!
Анекдот, Подходит к отцу маленькая дочурка:\n- Пап, а я знаю, почему Баба-яга говорила, что чует, когда русским духом\nпахнет!\n- И почему?\n- А вот в книжке написано, что когда Иван-царевич шёл, сносил шесть пар\nсапог. И нигде не написано, что он носки менял.
Анекдот, Уважаемые курильщики! Теперь в каждой пачке сигарет одна с летальным исходом. Минздрав уже устал вас предупреждать, поэтому решил объявить розыгрыш.
Анекдот, Россия будет участвовать в олимпиаде под флагом Сирии. Русские уже и воевали под флагом Сирии. Да и болеют россияне за Сирию больше, чем за Россию.
Анекдот, Матвиенко напомнила, что коронавирус не грозит тем, кто придёт на голосование, он угрожает только участвующим в протестных акциях!
Анекдот, Новогодний тост: в наступающем 2011 году хотелось бы, чтобы не только\nхотелось!..
Анекдот, События во Франции замутил производитель желтых жилетов.
Анекдот, - Официант, повторите!\n- Повторяю: "Я не официант!"
Анекдот, Хочешь в новый год хорошо выпить? Оденься Дедом Морозом!
Анекдот, Принимая во внимание недружественное поведение разных стран, любое программное обеспечение этих стран считается трофейным и его использование без покупки лицензии не может ни каким образом наказываться.
Анекдот, Два новых русских собираются устроить праздничный ужин:\n- Кого позовем?\n- Ну, Маньку, Аньку, Таньку...\n- Не-е! Таньку - не надо!\n- А че?\n- А нафига нам лишний рот?!
Анекдот, 2000 год: к 2020 году появятся летающие машины.\n2020 год: не летают даже самолёты.
Анекдот, 5 моих недостатков:\n1) Ленивый\n2)\n3)\n4)\n5)
Анекдот, Хотите побыть немного богом?\nДайте вороне кусочек сыра.
Анекдот, Счастья за деньги не купишь. Однако вполне сможешь арендовать на весьма длительное время.
Анекдот, Весьма прискорбно, что в государствах Средней Азии отсутствует аналог поговорки "Где родился, там и пригодился".
Анекдот, И тут появляется Джин и говорит:\n- У тебя есть три желания.\n- Хочу, чтобы ты стал совсем тупым в математике и умел только складывать!\n- Исполнено. Теперь у тебя осталось четыре желания.
Анекдот, В ответ на создание Добровольных Православных Дружин, населению пришлось создать Вынужденные Языческие Группировки.
Анекдот, Ведущие ученые GREENPEACE считают, что убивать животных ради шкурок\nнегуманно. Поэтому он предлагают не убивать зверушек, а просто их\nловить, снимать шкурки, а затем выпускть на волю.
Анекдот, Пропью "Москвич-412". Недорого.
Анекдот, Излюбленное занятие министра экономического развития РФ Алексея Улюкаева - поиск дна в российской экономике.\nЗа это подчинённые ласково называют его "Наш Ихтиандр".
Анекдот, Коллега по работе спрашивает у жениха:\n- У тебя есть фотографии твоей невесты в голом виде?\n- Конечно нет!\n- Хочешь несколько?
Анекдот, Вот так сидишь перед телевизором... Благодать. Именины сердца. А потом злая судьба вытолкнет тебя на улицу, в магазины. Другой, чуждый мир. Не такой, как нам рассказывают. Бегом назад, к телевизору. К живительному ручью правды.
Анекдот, В последнее время часто слышу от людей: "Может, сейчас и хреново, но увидишь, в старости ты над этим просто посмеешься".\nКажется, в старости я буду непрерывно смеяться, и меня упрячут в дурку...
Анекдот, Встречает Волк в лесу Красную Шапочку и говорит:\n"Ну что ж, Шапка, у нас с тобой есть два варианта развития событий:\nлибо слияние, либо поглощение".
Анекдот, Узнав из российских "Вестей", от журналиста Дмитрия Киселёва, о количестве экстремистов в Украине, Аль-Каида просто охренела и решила самораспуститься...
Анекдот, Правительство утвердило программу по добровольному переселению россиян, которые живут за границей.\nВойдут ли в число «добровольцев» падчерица Лаврова, дочери Пескова и Слуцкого в программе не уточняется.
Анекдот, Не забываем: Нервные клетки не восстанавливаются. А патроны можно купить еще.
Анекдот, Если тебя назвали гондоном, то наверняка подразумевали надежность, целостность и тонкий банановый аромат.
Анекдот, Стюардессам очень легко — все мужчины уже отсортированы по классам.
Анекдот, Доска объявлений внутри Кремля увешена одним и тем же:\n"Меняю теннисную ракетку на кимоно".
Анекдот, - Так, милочка, прописываю вам постельный режим! Завтра приду проверю,\nкак вы!\n- О, доктор, вы не представляете, как я хороша в постели!
Анекдот, Инструктор по прыжкам с паршютом в самолете:\n- Первый пошел, второй пошел, третий пошел. Парашютики не забываем,\nне забываем...
Анекдот, Объявление на входе в общее отделение одной из тбилисских бань:\n"За мылом не наклоняться! Администрация ответственности не несет".
Анекдот, Два самых больших откровения в жизни:\nДля мужчин - Секс никогда не бывает таким, как в порнухе.\nДля женщин - Любовь не бывает такой, как в кино.
Анекдот, Таксист рассказал:\n- Если часа в три часа ночи вызывают такси, и при этом все ТРЕЗВЫЕ -\nзначит точно бухгалтера!
Анекдот, Женщина средних лет заходит в дежурную часть полиции.\n- Скажите, могу ли я написать заявление о пропаже мужа?\n- А муж давно дома не появлялся?\n- Почти четыре недели.\n- Ё-моё! А почему ты только сейчас спохватилась?\n- Ему скоро получку получать, вот и начала немного волноваться.
Анекдот, Это сейчас скаты электрические, а в XIX веке они работали на угле и торфе.
Анекдот, Нашел однажды Путин древнюю амфору. На дне сосуда был найден свиток с надписью «Дорогому Владимиру Владимировичу от древних греков».
Анекдот, В холодную погоду женщины заводятся легче автомобилей.
Анекдот, Жена собирает мужа на рыбалку:\n- Котик, принеси большую форель. Если форели в магазине не будет,\nпокупай карпа.
Анекдот, На завалинке  глухой сибирской  деревни  беседуют  два столетних деда:\n- Слышал, Сергеич, оказывается нашу Расею за границей  называют  империей зла?\n- Выходит, Петрович, мы с тобой – злые  империалисты.
Анекдот, Объективная реальность есть бред,\nвызванный недостатком алкоголя в крови.
Анекдот, - Будьте проще и люди к вам потянутся!\n- Будьте сложнее и от вас отстанут те, кто проще.
Анекдот, Существует два способа понять женскую логику. Но ни один из них не\nработает.
Анекдот, - А как оно было раньше, в стародавние времена, расскажи?\n- Небо было синее, трава была зелёная, а бумага.. бумага - белая!!!
Анекдот, Всё те, у кого родится ребёнок через 9 месяцев, получат штраф за несоблюдение безопасной дистанции.
Анекдот, Может, стоит начать вести более спортивный образ жизни: ходить в спорт-бары вместо обычных.
Анекдот, Изгнан из ада с формулировкой: "подъебывал чертей".
Анекдот, - Как вы думаете, в чём причина всех проблем у нас в стране?\n- Элементарно. Во всём виноваты евреи.\n- Можете пояснить, что вы имеете в виду?\n- Они уехали.
Анекдот, В Москве неизвестный украл $1 млн. по поддельному паспорту и, пока убегал от полиции, стал богаче на 20%.
Анекдот, Похоже в каждом приличном офисе есть блондинка, которая даже в\nсорокаградусную жару вырубает кондиционер со словами "мне холодно", а на\nпредложение надеть кофточку, заявляет: "Я чё, дура летом в кофточке\nсидеть?!"
Анекдот, B pecторане пapeнь пoдхoдит к cтoлику:\n- Дeвушкa, вы тaнцуeтe?\n- Ты что, идиот? Ем я!
Анекдот, В школе все говорили, что ничего из меня не выйдет. А теперь достаточно зайти на мою страничку в соцсетях, чтобы увидеть, что у меня огромный дом, крутая машина,  красавица жена и обедаю я только в дорогих ресторанах. А всего-то надо было освоить курсы фотошопа...
Анекдот, Постановлением правительства решено сделать из г. Тольятти – нашу\nнастоящую, российскую "Силиконовую долину".\nРешено выпускать на АвтоВазе отечественные вибраторы из силикона.\nПускай теперь не только наши мужики, но и женщины потрахаются с\nпродукцией АвтоВаза!\n(с) MoonWolf, 2009
Анекдот, Кто последний выйдет из состава Украины, тот и будет платить долги.
Анекдот, Путин Трампу:\n- Алло, Дональд? Я хочу обсудить вопрос с Украиной.\n- С какой Украиной?\n- Спасибо, Дональд.
Анекдот, Давай поиграем в прятки? Ты будешь прятаться, а я - искать когo-нибудь лучше тебя.
Анекдот, Трудно держать язык за зубами, если зубов всего два, и оба - ядовитые!
Анекдот, из разговоров на кухне: - а ты знаешь, по словам моего родственника, у\nнего есть знакомый, чей друг голосовал за ЕР!
Анекдот, Объявление: "Бью детей после родительского собрания. Недорого".
Анекдот, - Пошёл на х@й.\n- Что???\n- Проклятый Т9. Приходи на уху.
Анекдот, 16-летний пацан приходит 1-го числа домой.\nМать:\n- Ну как, сынок, отпраздновал?\nСын:\n- Как всегда, перепились, потом перетрахались.\nМать:\n- А девочки были?
Анекдот, Деньги надо хранить в рублях. Я вот спрятал деньги в куче рублей - там уж точно никто искать не будет.
Анекдот, Поди пойми этих женщин: сначала пугают маму, что выйдут замуж, потом пугают мужа, что уйдут к маме..
Анекдот, Когда кормящая рука берёт за горло, она перестаёт быть кормящей.
Анекдот, Настоящий программист, как известно, ставит рядом с собой два\nстакана - один с водой, на случай если захочет пить, другой без\nводы, на случай, если не захочет. А вот настоящий админ ставит\nчетыре стакана. Другие два - на случай отказа первой системы.
Анекдот, Правительство строго-настрого запретило продавцам поднимать цены после повышения ставки НДС, поэтому они подняли цены уже сейчас.
Анекдот, - Зачем ты послал его матом?! Ты что забыл, что он гинеколог! Надо было просто сказать - иди работай!
Анекдот, Не так уж страшно, что америкосы нас недолюбливают, страшно то, что китайцы всё русское любят.
Анекдот, - Всю ночь не спал, соседи видимо поссорились...\n- Почему "видимо"?\n- Так в одной комнате до утра "Коррозия металла" гремела, а в другой - Стас Михайлов завывал.
Анекдот, Интеллигентные люди не говорят - воруем, интеллигентные люди говорят - семейный бизнес.
Анекдот, Hовый священник спрашивает прихожанку, как ей нравятся его проповеди.\n- Изумительно. Можно сказать, мы о грехе ничего не знали, пока вы к нам\nне приехали!
Анекдот, Когда у тебя на работе постоянно стоит списанная бочка со спиртом, у тебя одновременно и нет проблем с алкоголем, и есть проблемы с алкоголем.
Анекдот, Поймал волк в лесу Красную Шапочку.\n- Сейчас я оближу у тебя то, чего никто не лизал!\n- Корзинку? Шапочку?
Анекдот, Я настолько хорош в постели, что даже просыпаться не хочется.
Анекдот, - А y меня вчеpа дpyг за пять минyт сеpвеp сломал.\n- Он что, хакеp??!\n- Он мyдак!!
Анекдот, Всей своей жизнью Александр Сергеевич Пушкин учит нас тому, что в России\nталантливому человеку сначала надо научиться стрелять.
Анекдот, Если вы, придя в государственное учреждение, вкрадчиво поприветствуете высокопоставленного чиновника словом "Шолом"... это очень ускорит решение вашей проблемы.
Анекдот, - У нас 90% выручки аптек - спиртовые настойки. 1-е место по объему реализации в аптеках. А второе-третье знаешь что?\n- Что?\n- Виагра и активированный уголь, б^&! Вот так и живем. Три потребности: бухнуть, тр@xн*ть кого-нибудь и при этом не обоср@ться.
Анекдот, Чтобы избежать вмешательства США в итоги выборов, Центризбирком опубликовал результаты за день до их начала.
Анекдот, - Я вышла за него замуж, потому что он сказал, что у него есть яхта. Но\nкогда мы поехали на море - выяснилось, что он не только обманул насчёт\nеё длины, но мне же самой пришлось ещё и грести...
Анекдот, Случайно взял микрофон Киркорова на его репетиции и спел пару строк... Блин, я пою как Киркоров!!!
Анекдот, Лох - это когда ты девственник, а на следующий день папа.
Анекдот, Юрист Дима в десятый раз перечитал трудовой кодекс, но так и не смог\nпонять по какой статье его уволили из президентов.
Анекдот, Говорят, что собака – лучший друг человека. Но мне кажется, это не так.\nВот скажите: вы много друзей кастрировали в последнее время?
Анекдот, Илья Муромец рассказывает, как он сражался с Лернейской гидрой:\n- Отрубаю ей голову - на её месте четыре вырастают. Четыре отрубаю - три вырастают. Три отрубаю - семь вырастают.\n- Ну и чё?\n- Чё-чё - проблем с мясом в нашем селе никогда не было.
Анекдот, Интеллектуальный клуб "Что? Где? Когда?". Вчера Александр Друзь и Федор\nДвинятин, будучи в состоянии алкогольного опьянения, ограбили ларек, а\nотвечать будет Максим Поташов.
Анекдот, Всю жизнь стремишься к совершенству, а потом выясняется, что тебя любили за изъяны…
Анекдот, Особенность российской медицины в том, что когда ты слегка заболеваешь, приходишь в больницу, то твой организм моментально самоисцеляется в шоке от увиденного там...
Анекдот, В советской России народ воровал у государства.\nВ современной России государственные чиновники воруют у народа.\nПо логике, следующая стадия - государство ворует у чиновников, что, согласно историческим прогнозам, означает расстрел с конфискацией.
Анекдот, Вопрос: "Почему в Советском Союзе не было публичных домов?"\nОтвет: "Потому что в них, как в ресторан со своей выпивкой,\nходили бы со своей бабой!!!"
Анекдот, Россияне облегчённо вздохнули, когда было объявлено, что правительство Медведева в полном составе ушло в отставку. Рано обрадовались - оказалось, что те просто выходили на перекур.
Анекдот, Тараканы между собой называли хозяйскую домашнюю обувь гестапочками
Анекдот, Жена нашла заначку мужа.\n- Охуеть! Это откуда у тебя столько денег?\n- Да вот, это, на подарок тебе копил:\n- Да! Пиzдец, а че так мало то!
Анекдот, Как узнать оптимиста в Питере? Он перед выходом на улицу чистит обувь.
Анекдот, Чтобы поскорее заснуть, я считаю овец. Хороший способ, если ты не параноик. Вчера одной недосчитался и всю ночь не смыкал глаз, опасаясь, что где-то рядом волк.
Анекдот, Говорят: "Девушки не умеют драться".\nВы просто не умеете их обижать.
Анекдот, Мотаю нервы... Сколько вам клубочков?
Анекдот, Русско-Китайская война, 2020 год.\nКитайцы окружили Москву вдоль МКАД: "Лусский! Сдавайся"\nРазговор в окопе в Москве: «Слущяй Алик во имя аллаха, где же мы\nему этого русскаго здесь найдем, читоби он им сдался?»
Анекдот, - Давай сделаем всё по-быстрому, спокойно, без лишних слов. Когда всё закончится, не предлагай мне остаться на кофе. Я хочу, чтобы всё прошло мимолётно. Без чувств, без имён, без телефонных номеров.\n- Ма-а-а-а-ам, а это точно репетитор по математике?
Анекдот, Ни одна команда не сможет отправить сборную России домой.
Анекдот, В день по несколько раз приходится доказывать, что  я не робот! Киборги заполонили всю планету!
Анекдот, Настоящий мужчина - это мужчина, с которым женщины не задают себе\nвопрос: "А не слишком ли быстро я ему дала?".
Анекдот, - Запомни, сынок, любую проблему можно решить с помощью денег.\n- Спасибо, папа, а то дед все заладил: Утюг, утюг.
Анекдот, - Кукушка-кукушка, сколько мне жить осталось?\n- Ку-Ку.\n- А что так мало?\n- Т-тебе еще повезло, я за-за-икаюсь!
Анекдот, Отечественные памперсы не только дышат, но и храпят во сне.
Анекдот, Зашёл я как-то на сайт анекдотов, читаю - один смешнее другого! Вдруг смотрю - а это Яндекс.Новости...
Анекдот, Интересно, что дальше от реальности - Логика мужчин, желания женщин,\nмечты детей или воспоминания стариков?!
Анекдот, Надеюсь, все понимают, что из-за того козла, который отменил зимнее время, в России Конец света произойдет на час раньше?..
Анекдот, Не к каждому нужен свой подход. Некоторых лучше обойти сразу...
Анекдот, Кто сказал, что рубль тонет? Рубль всплывает!
Анекдот, Если все женщины раздеваются перед вами на первой же встрече, не обязательно, что вы крутой мачо - возможно, вы просто старый плешивый гинеколог в районной поликлинике.
Анекдот, - Товарищ майор! Мне на голову коробка упала!\n- Что в ней?\n- Пусто!\n- А в коробке?
Анекдот, Вице-премьер Голикова: «Коррупция в России - это чистейший миф. Да и так называемые откаты – тоже сказки…» Блин, сказать по правде, я думал, что инвалидами по зрению у нас укомплектованы только следственные органы и прокуратура…
Анекдот, В Москве открыт памятник коррупционерам.\nГигантское колесо, как символ отката.\nИ оно не крутится. В знак того, что надо бы подмазать.
Анекдот, «В ЛЮБОЙ НЕПОНЯТНОЙ СИТУАЦИИ ПОКУПАЙ ТУАЛЕТНУЮ БУМАГУ»\n(Полное Собрание Скреп, том 2 стр.54)
Анекдот, По данным Росстата, во втором полугодии  россияне стали есть на 16% больше, чем в прошлом году.\nВ денежном измерении.
Анекдот, Папа Карло наконец-то накопил на дрель и смастерил для Буратино невесту.
Анекдот, Кто любит колбасу и уважает закон, не должен видеть, как делается и то и другое...
Анекдот, Все думают, что если ты действительно нужен человеку, он обязательно тебе позвонит или напишет. А что если тот, другой человек, тоже так думает? И сидят вот так и ждут друг друга два дебила...
Анекдот, И зачем нас в детстве пугали, что от сладкого попа слипнется? Лучше бы сказали правду, что от сладкого её разнесет!
Анекдот, - Можете коротко рассказать о себе?\n- Нет, о себе я говорю часами!
Анекдот, Женская логика:\n«Чтобы меня все видели, но никто не смотрел»
Анекдот, - Ты этот футбол любишь больше, чем меня!\n- Зато я тебя люблю больше, чем бобслей, художественную гимнастику, керлинг, синхронное плавание и фигурное катание вместе взятые!
Анекдот, - Димон, народу ты полюбился, и я решил оставить тебя на второй срок.\n- Правда? Ой, спасибо, Владимир Владимирович.\n- Шучу, дурак. С Первым апреля тебя :)
Анекдот, Из вопросов армянскому радио:\n- Что такое религия?\n- Это успешный бизнес при вечном отсутствии начальства.
Анекдот, Учитывая количество выброшенной в мировой океан нефти, рыбы скоро начнут\nэволюционировать в сторону появления у них двигателя внутреннего\nсгорания. Бакуткин
Анекдот, Это только астрономы могли комету с тремя хвостами назвать рогатой....
Анекдот, Ради зачета студент пойдет на все - даже на зачет.
Анекдот, Биток так стремительно подешевел, будто я его купил.
Анекдот, Как тяжело жить тем, кто мягкий и пушистый, знает мой всеми затисканный кот.
Анекдот, Ролевые игры в России: Путин и Медведев поменяются ролями.
Анекдот, Сценка "Путин и Президент Латвии".\n- Владимир Владимирович, мы хотели бы пересмотреть итоги второй мировой\nвойны.\n- Да нет проблем. Я скажу министру иностранных дел, он вам запишет на\nDVD.
Анекдот, Стареешь - это когда во время еды попадается что-то твердое, и ты\nдумаешь: "только бы не кусочек зуба".
Анекдот, Счастливый брак — это брак, в котором мужчина понимает каждое слово, которое не сказала жена.\nАльфред Хичкок
Анекдот, Вчера с дочкой рисовали котёнка. Утром обнаружили такого же за дверью.\nСегодня всей семьёй будем рисовать дом в Испании, "Лексус" и норковую\nшубу.
Анекдот, Читать новости перед сном — пустая затея, потому что, когда утром проснешься, всё будет ещё гораздо хуже.
Анекдот, Когда нужно отказать или расстаться, в девушке просыпается философ.
Анекдот, Новый закон подлости - "Накрасилась и осталась дома...."
Анекдот, Пока папа чинил кран, его сын-школьник очень основательно пополнил свою базу нецензурного лексикона.
Анекдот, Вопрос Армянскому радио:\n- Можно ли объяснить поведение женщины?\n- Можно. Но это объяснение никто не поймет!
Анекдот, Официант лежит в операционной, истекает кровью.\nВ операционную заходит врач.\n- Доктор, помогите, я... умираю..\n- Этот столик не обслуживается.
Анекдот, Дмитрию Медведеву выдали удостоверение кандидата в президенты.\nКроме всего прочего, оно дает право на бесплатный проезд в метро.
Анекдот, В этом году мэр города купил себе "бюджетный" телефон. Куда потратят бюджет в следующем году пока неизвестно.
Анекдот, Уже год как играю в онлайн-покер. Девушка поставила меня перед выбором: либо она, либо покер. Мне кажется, что она блефует.
Анекдот, Был в госучреждении и поймал себя на мысли, что всё происходящее похоже на подкидного дурачка. В руках документы и разные бумажки веером, и я отбиваюсь: ОПА! справка с места работы? ННА! копия трудовой? ЕСТЬ ТАКИЕ! уведомление о смене банковских реквизитов? БЛЯ КОЗЫРЯМИ ВАЛИШЬ(((
Анекдот, Жизнь похожа на шахматы.\nНе тем, что пешка может стать королевой и не тем, что каждая фигура ходит как ей положено.\nА тем, что по окончании всех сложат в деревянный футляр.
Анекдот, Не важно, кто ты - лев или газель. В обоих случаях тебе нужно лишь быть быстрее самой медленной газели.
Анекдот, Вечером мы готовы свернуть горы, а утром не в состоянии встать с кровати.
Анекдот, - Больной, на что жалуетесь?\n- На утечку информации, доктор!\n- А в чем дело?\n- Агент похоронного бюро пришел раньше вас!\nСтудиоз.
Анекдот, Если подойти к банкомату с очень грустным лицом, то он может выдать немного больше.
Анекдот, Ваш редкий ум так трудно обнаружить!
Анекдот, Родители у психолога:\n- Что делать, если у нас очень недоверчивый ребёнок?\n- В чём это выражается?\n- Он спросил: "откуда я взялся", мы ответили: "заказали на Озоне". А у нас ПВЗ с балкона видно. Так он два выходных сидел, считая, сколько детей вошло, и сколько вышло. Сошлось...
Анекдот, Мне приснился сон: Пола Маккартни и Мика Джаггера, приехавших  в Москву, арестовали по заявлению Юрия Лозы.
Анекдот, - Инфляция ожидается до восьми процентов, - заявил Владимир Владимирович на своей пресс-конференции.\n- У него своя инфляция, а у нас своя, - с пониманием подумал народ, глядя на продовольственные полки.
Анекдот, Ежик шел через футбольное поле, когда он добрался до другой стороны, другой ежик сказал:\n«Ты глупый, что, если бы игра началась, тебя бы пинали по всему полю».\n«Нет, - ответил первый, - это сборная России, они бы не попали».
Анекдот, - Люся, тебя не раздражает, что твой муж в компании постоянно хвастается своими любовными похождениями?\n- Ничего, пусть инвалид расскажет о войне...
Анекдот, - Как прошло 1 апреля на работе?\n- Весело. Директор издал приказ о сокращении всего нашего отдела - мы так смеялись. А сегодня оказалось, что это правда - директор так смеялся.
Анекдот, - Мне не понравилась эта компания. Они, как бы, не интеллигенция, без души, шутки не те. Не знаю, как это объяснить...\n- Не бухают?\n- Да.
Анекдот, Сегодня был тяжёлый день. Пришлось оторвать задницу от дивана.
Анекдот, В очередной раз разобрал лазерный принтер, в очередной раз после сборки осталось пару лишних болтиков. Вот мне интересно, на сколько сборок-разборок хватит ресурсов у среднестатистического корейского принтера?
Анекдот, Утром после пьянки Рабинович смотрится в зеркало:\n- Видели бы меня сейчас те, кто вчера сказал, что я плохо выгляжу...
Анекдот, Наконец-то выяснена причина отсутствия связи с марсианским спускаемым аппаратом. Через телескоп Хаббл удалось рассмотреть панель управления, на которой мигает надпись "Press any key to continue"
Анекдот, Вы такие красивые вещи говорите. Вам, наверное, очень трахаться хочется?
Анекдот, Мужик, с объективной самооценкой, вкалывающий за троих и получающий 5 тысяч в месяц, решил посмотреть в зоопарке на далеких предков. И потопал не к клетке с обезьянами, а к вольеру с ослом.
Анекдот, Гаишник, случайно остановивший кортеж Путина, упал на землю и притворился, что умер.
Анекдот, Я так понимаю, те самые правила, по которым должен жить весь мир, написаны на иврите?
Анекдот, Некий англичанин женился сразу на трех женщинах.\n- А почему на трех? - спросили его.\n- Одной жены мне мало, а четыре - много.\n- А почему тогда не на двух?\n- Так двоеженство в Англии запрещено!
Анекдот, В фильмах ужасов для снеговиков показывают, как люди едят мороженое и делают морковь по корейски.
Анекдот, - Почему защитники животных борются против меха, а не против кожи?\n- Потому что доставать состоятельных женщин значительно безопаснее, чем байкеров.
Анекдот, Как выглядит женатый мужчина со стороны, когда смотрит на понравившуюся\nдевушку? Как кот, который смотрит через оконное стекло на воробья.
Анекдот, Приходит мужик с супермаркет в отдел овощей и кричит консультанту:\n- Ваша картошка генномодифицированная, вы в курсе!?\n- Т-с-с-с. Давайте отойдем и поговорим в другом месте, иначе она может\nпроснуться.
Анекдот, Что? Где? Когда?\nНайдите одну казахскую фамилию в хоккейной сборной Казахстана на\nчемпионате мира 2005.
Анекдот, Телефонный разговор:\n- Здравствуйте, вы вчера флэшку не теряли?\n- Да, терял. Что вы хотите в качестве вознаграждения?\n- Знаете, мы случайно посмотрели содержимое, можем предложить вам\nдолжность системного администратора на нашем порносайте.
Анекдот, Ещё не взлетели, а пассажиры уже хлопали: в кабину пилотов прошёл трезвый экипаж!
Анекдот, - Очень раздражают бибикающие. Например, стоим на красном, загорелся жёлтый, и сзади уже начали бибикать, хотя жёлтый - это же запрещающий сигнал.\n- А ты включай заднюю передачу в этот момент. Бибиканье становится истеричнее.
Анекдот, Правительство решило изменить потребительскую корзину: включить в нее валежник и все, что россиянин настрелял из лука, и выключить все остальное.
Анекдот, Два главных вопроса у нашего народа: как прожить на эту зарплату и куда делся кот Бари Алибасова.
Анекдот, Нет ничего проще, чем усложнить себе жизнь.
Анекдот, Поддаться и проиграть в "Камень, ножницы, бумага" так же сложно, как и выиграть.
Анекдот, Сижу, от нечего делать кота передразниваю. Он облизнётся - я облизнусь. Он зевнёт - я зевну. Так он, гад, извернулся и... яйца начал лизать...
Анекдот, Только после майдана в Киеве я понял смысл русского выражения - ну что, допрыгался?
Анекдот, Вообще-то я работаю для души! Просто у меня душа денег просит.
Анекдот, Когда Бирюлёвскую овощебазу попытался проинспектировать мэр Собянин – его просто не впустили на территорию.\nДело было так: - А ты кто такой? Давай, до свидания!
Анекдот, Шефом персонала администрации Трампа назначен господин по фамилии Приебусь (Priebus). Он уже начал работу.
Анекдот, Боюсь себе представить кашу в голове чувака, который на заднем стекле лады-гранты, рядом с орденом победы приклеил надпись "Трофейная".
Анекдот, Переночевала у него, ВЫСПАЛАСЬ… в общем, поняла - не моё…
Анекдот, Детей цветов давно уже не стало, теперь лишь дети овощей...
Анекдот, Участвовали с женой в конкурсе костюмов Хеллоуин. Она была в образе злющего бревна-вампира сосущего кровь, а я в образе зомби-пьяницы с пустой тыквой. Победили легко, даже костюмы не надевали.
Анекдот, Знать свои ошибки надо хотя бы для того, чтобы не отвечать за лишнее.
Анекдот, Лично у меня ветер в голове поддерживает горение огня в моём сердце.
Анекдот, 100-й этаж небоскреба. Мужик у лифта читает: вход в шахту лифта опасен.\nВ экстренных случаях обращаться по такому-то телефону. Заходит в лифт.\nХочет спуститься вниз, но лифт начинает падать. Мужик в темпе звонит\nпо вышеуказанному номеру. Раздается голос из трубки:\n- Алло, МОРГ слушает.
Анекдот, Блин, каждое утро один и тот же замкнутый круг: чтобы сварить кофе - нужно проснуться, а чтобы проснуться - нужно сварить кофе.
Анекдот, Кирпич, положенный на дверцу холодильника, избавит ваших домашних от переедания и приятно разнообразит ночное безмолвие.
Анекдот, Власти долго обсуждали новое название документа с QR-кодом. Из уважения к скрепам, окончательно принят вариант: Куарепостная Грамота.
Анекдот, - Ты по ночам высыпаешься?\n- А куда я должен высыпаться?
Анекдот, С грузовой машины на легковую упало плохо закрепленное бревно. Из поврежденной машины вышла женщина и расплакалась.\n— Что случилось? — сочувственно спросили у нее прохожие.\n— Мой муж ни за что не поверит, что дерево налетело на меня, а не я — на дерево!
Анекдот, Некоторые так следят за своим здоровьем, как будто собираются жить вечно, а некоторые за ним вообще не следят и именно по той же самой причине...
Анекдот, - Анализ показал, что у вас в моче белок!\n- Мляяяя.... Так это что, у меня яйцо протекает?!
Анекдот, Говорят, что чем больше у мужика машина - тем меньше у него член.\nНичего не могу сказать по этому поводу, но вот мои наблюдения точно говорят о том, что чем выше у мотоцикла звук выхлопа - тем меньше у его владельца размер мозга!
Анекдот, Одновременные отношения с двумя девушками с разным цветом волос невероятно поднимают стремление поддерживать квартиру в чистоте!
Анекдот, На вопрос почему кафедра теологии была открыта в МИФИ, а не в МГУ или МГИМО, ректор МИФИ ответил : "Пути Господни неисповедимы" и перекрестился.
Анекдот, Захотел гражданин обратиться к президенту, пришёл в его администрацию и ушёл.\nУвидел табличку:\n"За сданные в гардероб вещи администрация ответственности не несёт",\nи как-то расхотелось.
Анекдот, Коррупция — это когда у чиновника денег куры не клюют, а в налоговой декларации их кот наплакал.
Анекдот, - Прочитал, что начала продаваться новая версия коктейля "Ягуар голд". Кто знает, где её в Туле можно купить?\n- Магазин "Хозтовары", отдел "Бытовая химия".
Анекдот, — Ты бухой?\n— Нет, я на антидепрессантах.\n— От тебя перегаром несёт!\n— Это такие антидепрессанты!
Анекдот, - Что нужно ученику для полного счастья?\n- Карантин
Анекдот, Объявление в газете:\nВчера на 60-м году жизни скончался директор крупнейшего московского\nкинотеатра "Радуга" В. П. Загорулько. Прощание с покойным состоится\nв 10:00, 12:00, 15:30, 18:00 и 22:00.
Анекдот, В администрации президента вторую неделю не спят, голову ломают, с каким же результатом закончится голосование: 75 или 76% будет "За".
Анекдот, - Сколько стоит рентгеновский снимок?\n- Вам обыкновенный?\n- Нет, блин, с обезьянкой на плече и чтобы сзади морской пейзаж с пальмами!
Анекдот, [смотрят на облака]\nДевушка: Это похоже на кольцо.\nПарень: А мне кажется оно похоже на двоих людей, которые не торопят события, даже несмотря на беременность.
Анекдот, Победительница конкурса Мисс Мира решила доказать всем, что красивая -\nне значит глупая.\n- Я разрушу этот стереофон, - заявила она.
Анекдот, Мало кто знает, что если вывернуть галоши наизнанку - получатся лабутены.
Анекдот, - Привет! Ты где столько времени пропадал?\n- В реале...
Анекдот, Из цикла хайку:\n"Подобен ситаре нефритовый стержень в руках самурая."\nВ оригинале:\n"В умелых руках и хрен - балалайка."
Анекдот, Чем ходить в тренажёрный зал, проще найти толстых друзей.
Анекдот, Что кончается еще быстрее, чем отпуск?\nОтпускные.
Анекдот, Самый простой способ победить нечистую силу – отправить Патриарха Кирилла с его библиотекой в адскую коптильню и подождать, пока он отсудит у дьявола всю недвижимость.
Анекдот, Козел отпущения, Удав принуждения и Лошадка исполнения - вот основа любого коллектива.
Анекдот, И что с того, что я не знаю значения слова «армагеддон»? Можно подумать, это конец света.
Анекдот, - Вова, это мама. Что ты делаешь?\n- Ко мне одноклассница пришла.\n- Что за одноклассница?\n- Ну Вика, мы с ней дружим.\n- И чем вы там занимаетесь, интересно?\n- Дружбой!
Анекдот, Выбираю тур. Читаю отзывы об отеле:\n"Плюсы: отель, который стоит рядом, ещё хуже".
Анекдот, Встретились подружки на прогулке и у каждой в коляске по малышу. Стоят и трепятся. Малыши всполошились и один спрашивает у другого:\n- Почему стоим?\n- Двигатель разболтался.
Анекдот, Современной молодежи при упоминании "подвига панфиловцев" на ум сразу приходят избирательные комиссии.
Анекдот, Кожа многих лягушек выделяет галюциногены. Неудивительно, что\nИван-Царевич, поцеловав лягушку, увидел как она превращается в\nВасилису-Прекрасную, пускает из рукавов лебедей, и прочие ништяки.
Анекдот, Жена забила морозилку до отказа мясом, курицей, какими-то котлетами и\nуехала на две недели...\nВ итоге пельмени хранить негде! Жрать хочу, помираю!
Анекдот, В мире интересных фактов.\nЗнаете ли вы, что чем хрупче девушка, тем дольше она ломается?
Анекдот, Борман спрашивает у Мюлерра:\n- Почему вы перестали приглашать Штирлица на наши дружеские\nпопойки?\n- Партайгенноссе, он, как напьется, так начинает петь ``Союз\nнерушимый...``\n- Ну и что, разве вы не знаете, что Штирлиц - русский разведчик?\n- Да дело не в этом. Слышали бы вы, как он фальшивит.
Анекдот, В детском саду:\n- Коленька, расскажи про своих родителей.\n- Мой папа работает, а мама красивая!
Анекдот, Я очень боюсь людей, которые пошли бы со мной в разведку. Я совсем не хочу идти в разведку.
Анекдот, - Софочка, я должна вам признаться. Я любовница вашего супруга.\n- Ой вэй! Ну никому нельзя верить! А мне муж говорил, шо все его любовницы молодые и красивые...
Анекдот, Ничего не ждите и вы никогда не будете разочарованы...
Анекдот, Тот, кто рано встаёт... Тот мяукает, царапается, носится по квартире, и получает тапком.
Анекдот, В моём омуте черти топятся.
Анекдот, В России каждая собака знает, что родилась при Путине.
Анекдот, Не путайте свободную женщину с легкодоступной женщиной.\nПервая выбирает, вторая соглашается.
Анекдот, 2000г - догоним Португалию!\n2010г - войдём в Топ-5 экономик!\n2015г - Русский Мир на пол-Европы!\n2020г - надо что-то решать с макаронами.
Анекдот, Эх, как же люди ошибались при прогнозах будущего в 20-м веке! Видимо, они о людях будущего были лучшего мнения. Ждали к 2015 году повсеместное использование летающих автомобилей - а получили к 2015 году повсеместное использование палок для селфи.
Анекдот, - Как это в жизни счастья нет?! А я?!
Анекдот, Среди медведей принято считать, что все белые медведи - дуры.
Анекдот, - Почему вы не спасли свою жену, когда она тонула?\n- Я и не понял, что она тонет. Орала, как обычно.
Анекдот, Нарколог спрашивает у пациента:\n- Батенька! Почему когда вы начинаете пить, то никак не можете\nостановиться?\nПациент:\n- Когда я выпью, я становлюсь другим человеком, а другому тоже\nхочется выпить .......
Анекдот, Рабочий день делится на "Да мы же еще только пришли" и "Да скоро уходить уже".
Анекдот, Каждый уважающий себя человек, у которого дома есть кошка, обязан хотя бы раз в жизни поднести её к зеркалу и сказать: "Смотри, это ты!"
Анекдот, Презерватив. Hа упаковке надпись:\n"Эта продукция не тестировалась на животных".
Анекдот, Сестрица Алёнушка первой из девушек доказала, что все мужики козлы,\nстоит им только напиться.
Анекдот, Учитель:\n- Сидоров, завтра без родителей в школу не приходи!\nСидоров:\n- А послезавтра?...
Анекдот, - У тебя как с Танькой?\n- Хорошо. А у тебя?\n- Тоже хорошо.
Анекдот, - Коту не давай! Отравится. Сами съедим.
Анекдот, - Профессор, что такое точка?\n- Точка - это длинная прямая линия, если смотреть ей прямо в торец.
Анекдот, Haлoгoвый инcпeктop cпpaшивaeт нoвoгo pyccкoгo:\n- Bы yвepeны, чтo виллy, пять ``мepceдecoв`` и шecть\nквapтиp в цeнтpe вы кyпили нa чecтнo зapaбoтaнныe дeньги?\n- A нa кaкиe eщe?\n- Mнe кaжeтcя, чтo вce этo кyплeнo нa нapoдныe дeньги!\n- Tы чe, ващe?.. Oткyдa y нapoдa тaкиe дeньги?
Анекдот, - Наши отцы и деды так и не дождались светлого будущего.\n- Зато мы дождались светлого прошлого.
Анекдот, - Знаешь, дорогая, я девственник. Я берёг себя только для тебя!\n- Ну, не знаю... Мне нравятся, вообще-то, мужчины с опытом.\n- А я очень опытный девственник.
Анекдот, ФСБ разоблачила в своих рядах израильского шпиона.\nУ ФСБ были железные доказательства - на допросах шпион постоянно отвечал вопросом на вопрос.
Анекдот, Надеюсь, что Турция не будет рассматривать присутствие Чубайса на своей территории в качестве военной агрессии России.
Анекдот, Автобус это транспортное средство, в котором всегда есть свободные\nместа, когда он едет в противоположном нужному вам направлении.
Анекдот, Чем отличается Политбюро от Думы? С членов Политбюро писали портреты, а с депутатов Думы пишут анекдоты.
Анекдот, Брак - это такой вид отношений, при которых одна сторона всегда права,\nа вторая - муж.
Анекдот, Иные так следят в истории, что после них только смывать.
Анекдот, - Ну что, разобрались?\n- Ага!\n- И что это было?\n- Не, ну мы не настолько разобрались...
Анекдот, Выделенные АвтоВАЗу 250 млн. истрачены на революционные изменения формы\nкрыла, левого подфарника и ручки переключения передач!
Анекдот, – Доктор, скажите, а почему вы стали именно гинекологом?\n– Где родился, там и пригодился.
Анекдот, Веселая жизнь у нас начнется, когда ИИ обретет чувство юмора, потом - черного юмора, потом обрастет цинизмом. Ну а потом неизбежно станет человеконенавистником ...
Анекдот, Даже филологам и учителям русского языка не сразу удалось найти альтернативную рифму к имени Тарас.
Анекдот, После того, как ты задал вопрос студенту на экзамене, создается\nвпечатление, что ты оторвал его от чего-то очень важного.
Анекдот, Маленький мальчик просил, чтобы ему подарили собаку. Наконец, родители\nкупили ему щенка сенбернара. Ребенок поглядел на песика и изрек:\n- Я не понял, кого кому подарили.\nwww.keke.ru
Анекдот, - Лёха, пойдешь с нами гулять?\n- Нет, я за учебники сел!\n- Чего так?\n- Да съездил к брату на присягу, решил все долги в «универе» быстрее\nсдать!
Анекдот, На конккурсе издевательств над новым названием МакДональдса с большим отрывом победила фраза "Вкус толчка".
Анекдот, Родители запрещали Игорю приходить домой поздно. Их вообще напрягало, что какой-то Игорь приходит к ним домой.
Анекдот, - Войско взбунтовалось! Царь, говорят, нелегитимный!
Анекдот, Чтобы как-то выделяться, вместо «Как дела?» спрашивал - «Что с Вами не так?»
Анекдот, Раньше я подавал надежды, а сейчас — кофе.
Анекдот, Раньше, в случае опасности, население скупало соль и спички. Теперь скупает французские вина и пармезан.
Анекдот, В госдуму внесён законопроект о запрете СМИ упоминать национальность преступников. Поэтому теперь вы никогда не догадаетесь, кто именно на свадьбе стрелял в воздух.
Анекдот, Когда Роскомнадзор разгонят за ненужностью, сотрудники никогда в жизни себе работу не найдут. Потому что возьмёшь такого дворником - он весь двор засрет, а метлу сломает.
Анекдот, Оно, конечно, трудно спорить с тем, что Владим Владимыч вершит судьбы мира. Но не судьбы цен на строительные материалы и продукты внутри России. Видимо, там рулят ребята поплечистее...
Анекдот, У меня дома бойлер и принтер. Могу соблазнить любую студентку с общаги.
Анекдот, - Ты будешь по мне скучать?\n- Я буду по тебе страдать.\n- Так может мне остаться?\n- Нет! Я уже договорилась с тем, кто скрасит моё страдание.
Анекдот, Две причины, почему никто не любит сотрудников ГАИ:\nВо-первых, из-за подсознательной субъективной психологической\nинтолерантности, основанной на социальных предрассудках.\nВо-вторых, потому что все гаишники - козлы.
Анекдот, Если сельхоз поля заполонить дерьмом, то в итоге будет получен\nпрекрасный результат.\nА вот кто объяснит российским телеканалам, что этот принцип хорошо\nработает только в аграрном секторе?
Анекдот, Двое лежат в постели, хорошо выпившие.\nПосле первого полового акта:\nона томно: Я хочу тебя!\nон сквозь сон: Везет тебе...\nТейдлик
Анекдот, Принцип, что счастье - в мелочах, опровергают большие сиськи.
Анекдот, В общежитии.\n- Петя, ты можешь выйти погулять на часок? Я хочу девушку привести…\n- Олю?\n- Да.\n- Я никуда не пойду!\n- Почему?\n- Я с ней в прошлом году встречался. Чего я там не видел?!
Анекдот, Если не собираешься изменять, это любовь или уже старость?
Анекдот, Поручик Ржевский и Наташа Ростова гуляют в парке.\n- Поручик, вы любите романы? - спрашивает Наташа.\n- Очень люблю, особенно с введением!
Анекдот, Против России ввели очередной пакет санкций, но Россия по привычке убрала этот пакет в пакет с пакетами.
Анекдот, - Для губернаторов, у кого меньше всего электората проголосовало за\nЕДроссов, по заказу Димы с первого столика, звучит песня: -\n"Владимирский централ"
Анекдот, Полночь.\nона: Приезжай.\nон: Ни за что!!! Я только лег! Ты просто мной манипулируешь!\nона: Дааа... Я нежно обхватываю твой манипулятор своими пальчиками...\nон: Ладно... Выезжаю...
Анекдот, - Василий Первый, Василий Второй, Василий Третий...\n- Историю вспоминаешь?\n- Да нет, котов.
Анекдот, Урок русского языка:\n- Сидоров, какие ты знаешь приставки?\n- Playstation3, Nintendo Wii, Xbox360...
Анекдот, Знаете ли вы, что если Россия распадется на 20 государств, то у нее прибавится как минимум еще 19 недружественных стран?
Анекдот, На третьей неделе карантина начались терки с роботом-пылесосом за право убирать квартиру.
Анекдот, - Деда, а ты первую мировую помнишь?\n- Конечно помню, внучок... и первую мировую, и войну 12 года, и Куликовскую битву... нас в школе хорошо учили...
Анекдот, - Всегда мечтал о такой работе, чтобы летом работать в северном\nполушарии, а зимой - в южном.\n- Ну, извини, профессии перегонщика диких уток ещё не изобрели.
Анекдот, В России официально объявлено самодержавие. Отныне все сами себя содержат.
Анекдот, Новый тариф "2012" от Билайн - Не экономь, жить осталось недолго!
Анекдот, Судя по возрастающему количеству женщин за рулём, мужики скоро будут стоять вдоль трассы.
Анекдот, Акция! Специальное антикризисное предложение!\nСпешите прийти на работу 1 июня 2009 года и получить зарплату со скидкой до 70%!
Анекдот, - На него не напасёшься! - жаловались коровы на пастуха.
Анекдот, - Свежая французская булка, хрусти! Черепушка врага хрусти! Снежок под ногами хрусти! А твой коленный сустав не хрусти!\n- А можно мне другого травматолога?
Анекдот, Прогноз от Роскомстата: повышение цен на 1%, ощущается как вдвое.
Анекдот, У нас кризиса нет, только его последствия.\n© konde13
Анекдот, Вот что обидно: для коронавируса в 60 лет ты старый и находишься в группе риска, а для пенсии - молодой и в отличной форме.
Анекдот, Во властных коридорах России паника, срывается дачный сезон, надо срочно, до майских праздников спасать от коронавируса Италию.
Анекдот, Приватный разговор между судьей и подсудимым.\nСудья подсудимому:\n- С Вас сто тысяч.\nПодсудимый:\n- Но у меня неоспоримое алиби.\nСудья:\n- Тогда с Вас пятьдесят тысяч.
Анекдот, Письмо в бюро метеорологии:\nТолько что сгреб метр переменной облачности с крыльца.
Анекдот, - Дорогой, мне так скучно дома, давай в ролевые игры поиграем?\n- Давай, ты будешь деньги зарабатывать, а я тебя за это буду ебать?
Анекдот, Пробежалась по ленте. Столько упоминаний женского и мужского половых органов... И всё это не в связи с сексом, а в связи с экономикой.
Анекдот, Так как будущего у нас теперь нет, то теперь спокойно можно жить в настоящем.
Анекдот, Разговор с застройщиком:\n- Я хочу купить квартиру в вашем ЖК...\n- Пожалуйста!\n- А когда можно будет переехать?\n- Хоть завтра! Ну, пару месяцев поживёте в котловане…
Анекдот, Июнь 2015 г.\n«В связи с конфискацией в пользу государства островов заключённого Полонского ТАСС уполномочен заявить: Российская Федерация имеет полное право построить на данных островах военные базы, аэродромы и причалы для подводных лодок».
Анекдот, Вот просто интересно: кто посоветовал Трампу ради снижения цен на бензин и дизельное топливо в США обстреливать иранские танкеры?
Анекдот, Срочная новость: "Оказалось, что суды, изымавшие квартиры у добросовестных приобретателей, сами находились под влиянием мошенников!"
Анекдот, - Центробанк заявил, что курс рубля вернулся на уровень  "до спец. операции". Типа, это признак стабилизации...\n- Господа банкиры. При стабильно-нормальной экономике, курс иностранной валюты население НЕ интересует...
Анекдот, И только магнитик на холодильнике помог мне вспомнить, где я отдыхал...
Анекдот, Долго думала, что бы такое подарить мужу на день рождения. Пену для бритья? Носки?.. Банально. Купила себе путёвку в Таиланд! Пусть любимый отдохнёт!
Анекдот, Пью Ессентуки-4, несмотря на то что не пробовал первые три части.
Анекдот, Нужно начать называть года жизни «уровнями», потому что фраза «Я на 43-м уровне» звучит намного круче, чем осознание, что ты уже старый пердун.
Анекдот, - У меня под платьем ничего нет, - шепнула она.\n- Не надо врать! Я видел, как вы засунули туда пачку пельменей! - строго сказал охранник супермаркета.
Анекдот, Путин подписал закон, по которому диктатура будет называться демократией России.
Анекдот, Каждый третий житель планеты страдает от той или иной формы психического заболевания.\nПодумай о своих двух лучших друзьях. Если с ними всё в порядке, то это должно быть ты.
Анекдот, Электрические скаты в девятнадцатом веке работали на угле и пару.
Анекдот, Мне как-то очень трудно держаться от греха подальше.
Анекдот, Заявление.\nТребую занести мое имя в книгу рекордов Гиннесса на основании того, что\nу меня самые низкие шансы туда попасть.
Анекдот, Старость - это когда порнуха просматривается не как инструкция по эксплуатации, а как художественный фильм.
Анекдот, Обидел парень? Не беда! Наешься васаби и предложи сделать минет!
Анекдот, Дочь Дмитрия Пескова объяснила, почему её пустили отдыхать во Францию: "Просто нужно более тщательно подходить к выбору родителей".
Анекдот, Германия через сто лет.\n- Дедушка, меня побили Ганс и Фриц!\n- Не плачь, мой внучек Ахмет, мы накажем этих аборигенов в их\nрезервации!
Анекдот, - А ты правда из Москвы?\n- Правда.\n- А скажи что-нибудь по-московски.\n- Времени совсем нет, давай встретимся где-нибудь в феврале, числа 30-го.
Анекдот, Большинству нынешних выпускников после успешной сдачи ЕГЭ нужно бы торжественно выдавать "Аттистат о средним оброзавании".
Анекдот, Хотите стать богом?\nПошлите вороне кусочек сыра.
Анекдот, Можно убедить сорок учёных одним фактом, но невозможно убедить одного идиота сорока фактами.\nЛично проверено не один раз. В лучшем случае услышишь: "Это другое".
Анекдот, Нобелевский комитет вздохнул с облегчением. Начиная с 2021 года, прекратились обвинения в дискриминации женщин. Потому что, как выяснилось, женщин не бывает, это устаревшее гомофобное понятие.
Анекдот, Политические новости из Украины:\nСегодня, на очередном заседании, дважды распущенный парламент решает\nвопрос: сколько раз нужно объявить импичмент президенту, чтобы он таки\nушел.\n(C) Роби
Анекдот, Большинство женщин ошибочно считают, что они говорят глупости только тогда, когда пьяные.
Анекдот, "В тесноте, да не в обиде", - подумал кот Васька, лёжа в холодильнике.
Анекдот, Лео Месси приговорен к 21 месяцу в сборной России.
Анекдот, Идёт урок арифметики в первом классе. Учитель спрашивает:\n- Сёма, сколько твоя мама должна заплатить за два килограмма яблок, если\nодин килограмм стоит пять рублей?\n- Я не знаю. Моя мама всегда так торгуется!..
Анекдот, Неурожайный год в Беларуси: голодные колорадские жуки задрали собаку.
Анекдот, Единственное злачное место, которое посещаю я — это хлебобулочный отдел.
Анекдот, Компания "Apple" во вторник, 9 сентября, проводит ежегодное мероприятие, на котором представит свою новую разработку iPhone6.\nТак, о чём же я?... Ага, 9 сентября все владельцы iPhone5 станут нищебродами, с чем я вас всех и поздравляю!..
Анекдот, - Слушай, я сегодня хлеба забыла купить, что ты ел на обед?\n- Бутерброды с сыром и колбасой.\n- А как же ты их сделал, хлеба-то не было.\n- Так с сыром и колбасой.
Анекдот, На Украине отец спрашивает сына-бизнесмена:\n- Ну как, сынку, Евро-2012 принес тебе прибыль?\n- Какая там прибыль, батьку, одни убытки.\n- Ну и что, сынку, помогли тебе твои ляхи?
Анекдот, - Похоже, вы беременны.\n- Я беременна?\n- Нет. Но похоже.
Анекдот, Самая дорогая в содержании птица - это кукуха.
Анекдот, Приезжает Шольц в Киев. На поезде. Выходит - а никто не встречает, машины нет. Звонит Зеленскому:\n- Владимир, где машина?\n- В августе будет, - отвечает Зеленский.
Анекдот, - А если расщепить святую воду, получатся ли святой кислород и святой водород? И можно ли потом из святого водорода сделать благую водородную бомбу?\n- Всё кощунствуете, батенька?\n- Отнюдь. Изо всех сил пытаюсь соответствовать духу времени.
Анекдот, Йога - придумка одиноких индусов... которым не с кем было заняться камасутрой)))
Анекдот, - Путин сказал, что в целях борьбы с катастрофической нехваткой денег в\nПенсионном Фонде России в размере 2,5 триллионов рублей он готов пойти\nна беспрецедентные меры.\nЗаставить Сечина заплатить налоги со ВСЕГО годового дохода и отправить\nдочерей работать.
Анекдот, Пандемия с изоляцией закончится через полгода. Без изоляции - через 6 месяцев.
Анекдот, Путин поручил повысить ожидаемую продолжительность жизни до 78 лет...\n- В настоящее время депутаты разрабатывают законопроект, в котором будет обозначен размер штрафов для родственников россиян, которые посмеют умереть досрочно...
Анекдот, Приходит еврей к раввину и говорит:\n- Реббе! Как мне сына записать? Запишу на год раньше -\nраньше в армию заберут, на год позже - позже в школу\nпойдет... Что делать!? Что делать?!\n- Так запиши его так как есть.\n- Да? А мне это и в голову не пришло!
Анекдот, На привокзальной площади Сочи установлен памятник приезжему лоху.\nДоехать до него из любой точки города можно за 200 евро.
Анекдот, - Ваши первые четыре мужа отравились грибами, пятый упал с лестницы. Как вы это объясните?\n- Пятый не любил грибы.
Анекдот, Данила Багров (поигрывая пистолетом):\n- Вот скажи мне, мужик, в чем сила?\nМужик (трясясь от страха):\n- Я думаю, в деньгах...\nДаниля Багров:\n- Вот и брат мой говорит, что в деньгах. А сила, она в Ньютонах.
Анекдот, Британская революция: от европейской монархии - к африканской анархии...
Анекдот, Одесса. На кухне в квартире Рабиновичей:\n- Мама, я женюсь!\n- На ком, Фимочка?\n- На Яне!\n- Она же не еврейка! Какой позор! Только через мой труп!\n- Мама, её папа владелец металлургического комбината!\nОтец из комнаты:\n- Фима, женись! От позора мы уедем в Штаты, а с похоронами я договорюсь!
Анекдот, Из анкеты на сайте знакомств:\nПознакомлюсь с парнем, девушкой, парой М+Ж, парой М+М, транссексуалом\nдля занятий сексом, групповым сексом.\nОзабоченных просьба не беспокоить.
Анекдот, Настоящий китаец должен в жизни сделать 3 вещи...\n... кеды, джинсы и магнитофон.
Анекдот, - Вася, а че такое матриархат?\n- Ну, это когда жена отворачивается к стенке и храпит, а ты весь в\nслезах, забираешь детей - и к папе, к папе!
Анекдот, Воскресенье. Семья выходит из храма.\nМама: - Что-то скучно сегодня было!\nПапа: - И хор плохо пел!\nСын: - А вы что хотели за те 10 рублей, которые в кружку кинули?
Анекдот, Прекратите смеяться над Медведевым! Мальчик не виноват в том, что Путин видит в нем премьер-министра...
Анекдот, Mне кaжетcя, чтo, кoгдa люди, пoлучaющие 800 тыc. в меcяц, oпpеделяют, пoлучaть ли мне 15 тыc. в 60 или в 65 лет, — oни не coвcем иcкpенни.
Анекдот, С самого детства все знают волшебные слова - такие, как Спасибо и\nПожалуйста. Недавно моя жена обнаружила новое волшебное слово..\nМинет!!! Оказывается, при упоминании этого слова я волшебным образом\nначинаю внимательно ее слушать!
Анекдот, Вовочка стоит под дождем. Ему кричат:\n- Вова, ты же промокнешь и простудишься! Быстро спрячься!\n- Если заболею - малинового варенья наемся, да и в школу ходить не надо. А если нет - закалюсь и буду даже посильнее самого Шварценеггера!
Анекдот, Анатолий Вассерман в анкетах на вопрос "sex" всегда пишет "не интересуюсь".
Анекдот, — Я буду во второй половине дня.\n— Сейчас уже вторая половина дня!\n— Тогда в третьей.
Анекдот, Если бутерброд намазать с двух сторон, он начнет кататься по полу,\nпереворачиваясь со стороны на сторону.
Анекдот, - Никак не могу нащупать конец у этого проклятого скотча.\n- Наверное, тебе девочка досталась.
Анекдот, - Кто-нибудь уберет этот скелет, Моррисон?\n- Это скелет горничной, сэр, его некому убрать!
Анекдот, Мой гинеколог подписался на мой инстаграм. Я даже не знаю, что он хочет еще увидеть.
Анекдот, Только 18 стран во всём мире богаче, чем Билл Гейтс.
Анекдот, Мало того, что этот Сидоров редкостная свинья,\nТак он еще и гриппом заболел!
Анекдот, - Лучшая защита от беременности - это мужчина..\n- В смысле?\n- В смысле родиться мальчиком…
Анекдот, Студент-экономист Петров не выучил билет "Финансовая схема", и потому на экзамене предложил профессору коррупционную.
Анекдот, Как проверить изменяет Ваш муж или нет:\n"Посыпьте постиранные мужнины трусы горчицей. Внешне не заметно, но,\nесли одеть, чешется ужасно... Так вот: если муж пожаловался на зуд,\nзначит верный, а если молчит, как партизан,- изменяет, зараза!"
Анекдот, Жypналистка беpет интеpвью y знаменитого гpоссмейстеpа\nи pешила блеснyть остpоyмием:\n- А какyю коpолевy вы пpедпочитаете - живyю или деpевяннyю?\n- Смотpя в какой позиции...
Анекдот, Не ругайте жопу, в трудную минуту она всегда с вами.
Анекдот, У детей директора Автодора на щёчках ямочки!
Анекдот, Утром смотрю в окно - тополиный пух летит, вышел на улицу оказывается снег идёт.
Анекдот, Существует три супермонстра, препятствующие прохождению любой игры:\nжена, ребенок и младший брат.
Анекдот, Я вовсе не алкоголик, просто в этом мире меня больше ничего сильно не заинтересовало.
Анекдот, Приехал в Израиль один писатель из России. Всего на три дня. Друг его спрашивает:\n— Ты что намереваешься делать?\nПисатель отвечает:\n— Сегодня отдохну, а завтра буду писать книгу об Израиле под названием «Израиль: вчера, сегодня и завтра».
Анекдот, В гостях хорошо, а дома срач и закончилась еда.
Анекдот, Дети, вернувшиеся с отдыха в Крыму, пишут коллективное письмо президенту: "Владимир Владимирович, прости Турцию".\nВовочка: "Марь Иванна, прости Турцию вместе или раздельно?"
Анекдот, В Греции проводят референдум:\n- Хотите ли вы начать работать, жить по средствам и отдавать просранные вами долги, - Или вы хотите бездельничать, жить в нищете и ждать чуда?
Анекдот, - С вашей фамилией, вам гораздо больше подходило бы принимать проекты о помощи селу, доступных кредитах фермерам, защите сельскохозяйственных земель от застройки.\n- А мой закон, знаете ли, тоже о посадках, - ответила депутат Яровая.
Анекдот, Из школьного сочинения: Динозавры вымерли, так как чувствовали, что\nскоро появятся люди.
Анекдот, ..В нашей фирме проблема 00 года полностью решена.
Анекдот, Проект рекламного постера.\nВ центре офиса стоит разъяренный тощий очкарик с дымящимся дробовиком в\nруках. Помещение завалено телами сотрудников службы технической\nподдержки "Майкрософт".\nНадпись на плакате: "Подлинная Windows - подлинные эмоции".
Анекдот, Кризис среднего возраста - это когда у тебя есть простатит, геморрой, а Лексусом и не пахнет.
Анекдот, Один мужик:\n- Я за ночь могу шесть раз.\nВторой:\n- А я семь раз.\nТретий:\n- А я восемь.\n- А я семьдесят раз смогу.\nВторой:\n- Блин, кто это сказал!?\nТретий:\n- Вон та девушка.
Анекдот, Жаль, что нет поворотников у людей.\nА то столкнешься с кем-нибудь на улице и начинается: синхронно вправо, синхронно влево…
Анекдот, Разговаривают две подруги. Одна рассуждает вслух: "С одной стороны я хочу это делать, а с другой - не хочу".\nПодходит третья подруга и сходу вступает в разговор: "Да ты чего? С другой стороны - это самый кайф, знаешь, как классно. Да и мужикам нравится".
Анекдот, Труднее всего спорить ни о чём, но именно в этих спорах рождаются\nвеликие ораторы, адвокаты и политики.
Анекдот, - Если надо что-то сделать — зовите китайцев.\n- Если надо сделать что-то невозможное — зовите русских.\n- Если надо чтобы оно работало - зовите немцев.\n- А американцев?\n- А американцев звать не надо - они сами приходят.
Анекдот, Утрачено доверие президента. Нашедшему - вознаграждение - половину\nМосквы.\nЕлена Б.
Анекдот, Новость: В топлесс-параде приняли участие несколько сотен девушек, которые выступают за свободу и равенство полов.\nПредставим себе, что у них получилось. Типа, ходят они полуголые, а мужикам пофиг... Да более злобную дискриминацию женщин представить себе трудно!
Анекдот, - Как называется та штука, где записаны все твои самые сокровенные мечты и желания?\n- Уголовный кодекс.
Анекдот, Заходит Вовочка в игрушечный магазин и спрашивает у продавца:\n- Скажите пожалуйста, сколько стоит тот тигр?\n-Пятьсот рублей.\nВовочка достает из кармана пятьсот игрушечных рублей:\n- Тогда дайте мне его, пожалуйста.\n- Мальчик, эти деньги игрушечные!\n- Но тигр тоже игрушечный!\nДиверсант.
Анекдот, Слова «скидка» и «кидалово» однокоренные только в русском языке?
Анекдот, Всего полгода понадобилось российским ученым, чтобы создать говорящую\nпороду мышей. Еще год ушел на то, чтобы приучить говорливых зверьков\nпроизносить звуки Пи-пи вместо употребления нецензурных выражений. И\nтеперь эти мыши уже ни чем не отличаются от своих обычных собратьев.
Анекдот, В криминальном мире у вымогателей есть известный прием: придумать для жертвы якобы существующий долг. В результате жертва отдает то, чего никогда не занимала. Самый распространенный вариант – это, пожалуй, «долг Родине»…
Анекдот, - Лешка, ну ты ж генеральный директор?! Ну, возьми меня по-корефански на\nработу.\n- Ну, я могу, но есть определенные требования: мужчина до 30 лет, знание\nкомпьютера и английского языка обязательно.\n- Как интеллигентно ты меня послал.
Анекдот, Ощущаю себя каким-то разбитым. На счастье, наверное.
Анекдот, С кулинарного сайта:\n- ... За это время приготовим начинку. Собираем всё, что есть в холодильнике. У меня в этот раз были: ветчина, брынза, перец болгарский и зелень.\n- А у меня там мазь Вишневского, огурцы и коробка новокаина! И что теперь делать?!..
Анекдот, Шотландец возвратился из Лондона и рассказывает:\n- Эти лондонцы все какие-то сумашедшие.\n- А что случилось?\n- Представляете, часа в три ночи ко мне в номер в гостиннице\nврывается какой-то тип и начинает ругаться!\n- И что ты сделал?\n- Да ничего! Продолжал себе спокойно играть на своей волынке.
Анекдот, - Я – обыкновенный украинский банкир. Свои деньги я храню в гривнах. Никому не придёт в голову их там искать.
Анекдот, Армянское радио спрашивают:\n- Есть ли что нибудь общее у Ельцина с НАТО?\n- Конэчно есть! И Ельцин, и НАТО ради принципа\nне задумываясь расхерачат целую страну
Анекдот, - Вчера пытался собраться с мыслями.\n- Ну и как?\n- Всё путём: собрались, посидели, выпили!
Анекдот, - Я - многодетная мать, ищу бизнесмена.\n- Я - бизнесмен, ищу мать многодетную, с детьми на пособии.
Анекдот, Эрекция не так заметна, если ходить по нудистскому пляжу на руках.
Анекдот, - Как поживает ваш мyж?\n- Он стал жеpтвой наyки.\n- Hеyжели pентгеновские лyчи?\n- Hет, отпечатки пальцев.
Анекдот, Из всех сказочных героев только Змей Горыныч владел несколькими языками.
Анекдот, Фразы из школьных сочинений.\nТридцать лет и три года лежал безвылазно Илья Муромец на печи, а потом ему отключили интернет.
Анекдот, Удивительное дело… Спроси любого ворюгу или коррупционера, и он обстоятельно, аргументированно и, главное, с искренней убежденностью в своей правоте объяснит вам, почему он действительно заслуживает тех денег, на которые сумел наложить лапу.
Анекдот, На десятый день командировки жены вдруг понял, что перепрятывать заначку каждый день глупо.
Анекдот, В России любую проблему можно решить за 5 минут. Надо просто лишь позвонить президенту.
Анекдот, Если бы в избирательных бюллетенях появился пункт "Посадить депутатов\nпрежней Думы или помиловать?", то явка на выборы приблизилась бы к 100\nпроцентам.
Анекдот, Ничто так не засоряет постоянную память, как временные файлы.
Анекдот, Никита Михалков зашел в церковь, где сразу же затерялся среди икон.
Анекдот, - Ты слушаешь классику?\n- Нет, там нет ничего нового!
Анекдот, У многих девушек на майках написано, что любят они Нью-Йорк, а на лице —\nчто Пермь...
Анекдот, Хочешь сделать карьеру? Не делай лицо умнее, чем у начальника!
Анекдот, Она выглядела примерно на 300 граммов водки.
Анекдот, Люди, которые говорят: "Э, слышь, ты чё самый умный?" - чтобы быть умнее вас, самым умным быть даже близко не нужно.
Анекдот, - Какая поза доставляет максимальное удовольствие девушке?\n- Она, стоя, выбирает колечко от Tiffany&Co. Мужчина сзади: готовит бумажник.
Анекдот, Самое страшное, когда по «Радио Судного дня» начнут передавать музыку из балета «Лебединое озеро».\n© УгарИнфо
Анекдот, Новый русский сбил пешехода. Выскакивает из своего БМВ и орет\nна пострадавшего,который с трудом поднимается с земли:\n- Осторожнее, придурок!\n- А что? Вы еще хотите и задний ход дать?
Анекдот, - Привет! Тебя интересуют платные фотки?\n- Да! Хочу фотки Спайдермена.\n- Я имела в виду голые фотки...\n- Голые фотки Спайдермена?!\n- Нет, конечно!\n- Так нахрена ты мне голову морочишь?!
Анекдот, - Уму непостижимо! Главный атеист в доме должен красить яйца! Это оскорбление моих чувств.\n- Тогда будешь полы мыть.\n-.... ХРИСТОС ВОСКРЕС!
Анекдот, СМИ: Бывший президент Украины Виктор Янукович заявил, что Крым должен вернуться в состав Украины.\nПесков: в Кремле вопрос возврата Крыма рассмотрят на следующий день после того, как сам Янукович вернется на территорию Украины.
Анекдот, Раньше даже ностальгия была намного лучше.
Анекдот, Что компании перенимают у гугла: 19 этапов собеседования, написание кода на доске, задачки.\nЧто компании НЕ перенимают у гугла: размер зарплаты, которую они после этого предлагают.
Анекдот, - Иванов, ты опять на работу опоздал! Что на этот раз?\n- Будильник сломался.\n- Опять будильник. Ты новое что-то можешь придумать?\n- За такую зарплату и будильник сойдёт.
Анекдот, - Вчера купил 10 пачек виагры.\n- И чё?\n- Хер через плечо!
Анекдот, Сарказм - это результат эволюции чувства юмора и хорошего воспитания, заменивший привычку просто бить оппонента.
Анекдот, Молодой сперматозоид спрашивает старого, очень опытного:\n"Скажи, почему когда все устремляются к выходу расталкивая друг друга и\nпытаясь быть первыми, ты еле двигаешься или стоишь в сторонке?"\nВсе очень просто, мой мальчик, в 99 случаев из 100, он ДРОЧИТ.
Анекдот, Да, бабы любят деньги! Бабы меркантильные. А мужики нет. Мужики, как деньги увидят, так сразу: "Фу, деньги! Какая гадость! Нет-нет, мне не нужны деньги. Раздам-ка я их все бабам!"
Анекдот, Просыпаешься в шесть утра — буди кота. Ибо нехуй тут.
Анекдот, Любви нет. Денег нет. Отопления нет. Вот за отопление особенно обидно!
Анекдот, - Алло, Беня, сыночек, ты уже взрослый, и сделай так, как говорит тебе внутренний голос, идущий с телефона...
Анекдот, Этот мир настолько жесток, что даже носки не могут найти себе пару...
Анекдот, Светлое будущее ещё покажет, было ли наше прошлое действительно темным.
Анекдот, Может растения разводят нас, обеспечивают нас кислородом пока мы не умрем и нас не закопают в землю.\nПотом они начинают питаться нами.
Анекдот, Лично знаю человека, который никогда не врёт, пока его не попросишь сказать правду.
Анекдот, Порядочный одинокий мужчина познакомится с женщиной с серьезными\nнамерениями. Мой телефон 468-01-35. Если ответит женский голос, сказать,\nчто ошиблись номером.
Анекдот, Денег на пенсии в стране не хватает.\nИ не потому, что она кормит слишком много пенсионеров.\nА потому, что в ней кормится слишком много миллиардеров.
Анекдот, В офисе.\n- Олег Сергеевич, приходите сегодня вечером ко мне в гости.\n- Наташа, ты ведь знаешь, что я женат.\n- Олег Сергеевич, вы столько зарабатываете, а любовницу заводить не хотите - не православно это.
Анекдот, Когда мы встречаемся с друзьями, то становимся теми, от кого родители велели держаться подальше!
Анекдот, - А чего это ты презервативы по карманам распихиваешь?\n- На дискотеку собрался.\n- Примету знаешь?\n- Какую?\n- Зонт возмешь - дождя не будет!
Анекдот, Политик, который ставит себя выше народа, должен быть готов и к\nвиселице.
Анекдот, В целях борьбы с коррупцией опубликован прейскурант на должности в\nобновленном МВД.
Анекдот, Пожарная охрана Лос-Анджелеса с удивлением узнала, что участие в гей-парадах является не единственной ее обязанностью.
Анекдот, - Чо у тебя с ней было?\n- С ней было ничо.
Анекдот, За своим телом надо внимательно следить.. Как только отвлечетесь, оно тут же начинает что-нибудь жрать...
Анекдот, - Вот, говорят, пиндосы придумали интернет. Да наши хакеры этот интернет как хотят взламывают. Вот кто настоящий хозяин в интернете!\n- Петрович, если ты разбил окно в доме соседа, это не значит, что ты его хозяин.
Анекдот, - Я не буду работать за такие смешные деньги!\n- Ну и иди отсюда нахер! Найдём того, кто будет.\n- Хм-м-м... Странно. В книге "Как добиться успеха" было написано совсем другое...
Анекдот, Кто бы мог подумать, что кёрлинг - последняя надежда России!
Анекдот, На глаза попалась статья "5 причин вставать в 5 часов". Ха-ха-ха. Я без труда могу назвать 10 причин вставать в 10 часов и ещё легко добавлю парочку, чтобы встать в 11 или 12.
Анекдот, Не стоит быть белым и пушистым, а то всякая моль будет к тебе цепляться.
Анекдот, - Сколько тебе нужно, чтобы научиться водить?\n- Ну 7-8.\n- Чего, месяцев?\n- Нет, автомобилей.
Анекдот, Покупатель: «Я простой ФСБэшник, зачем мне эти ваши новомодные штучки».\nПродавец: «ОК, Гугл. Кто такой маркшейдер».\nТелефон: «Марк Шейдер, 48 лет, искусствовед, женат, проживает в Москве, на Цветном бульваре. Сейчас стоит в пробке, 15 километр МКАД, синий Опель.
Анекдот, Идут дед с внуком, а на них собака гавкает. Дед её увещевает:\n- Не гавкай на морозе - простудишься!\nНавстречу идёт семейная пара, и жена что-то громко выговаривает мужу.\nПроходя мимо, женщина чихает. Внук говорит собаке:\n- Вот смотри, тётя уже простудилась!
Анекдот, Среди американских президентов существует поверье: если не расхерачишь какую-нибудь страну, ты - лох и чмо.
Анекдот, - Молдаване, вы зачем революцию затеяли?!\n- Наш президент просрал тендер на покраску китайской стены...
Анекдот, Курьеры — это официанты с очень большим радиусом действия.
Анекдот, Женщины всегда правы.\nЗнаете почему?\nПотому что.
Анекдот, - Знаешь? Первый с понтом запущенный Почтой России доставочный дрон сразу же шмякнулся в стену пятиэтажки. Восстановлению не подлежит.\n- Логично. Первый искусственный интеллект осознал, на кого будет работать, и предпочел классически убиться апстену.
Анекдот, Идеалист – это тот, кто, обнаружив, что у розы запах лучше, чем у\nкапусты, сделает вывод, что и бульон из розы получится лучше.
Анекдот, 1-го апреля в Петербурге было +18 градусов, но этому, конечно, никто не поверил.
Анекдот, Жених вышел из загса и увидел гадалку.\n- Поворожи мне! - протягивает он ладонь.\nТа посмотрела на руку и говорит:\n- Можно сказать одним словом: поздно.
Анекдот, Если на камне написано "Налево пойдешь - коня потеряешь, направо пойдешь\nжену потеряешь...", то прежде чем идти, убедись, что это писали не жена\nи не конь.
Анекдот, Идеальный муж - это тот, который вовремя приходит домой, покупает продукты, готовит еду, моет посуду, занимается с детьми. Отсюда вывод: Идеальный муж - это жена.
Анекдот, Когда училка по английскому входит в класс, мы все её приветствуем и она говорит: "Сит даун!" Причем, всегда она смотрит именно на меня и я чувствую прямо физически запятую после "сит".
Анекдот, Минстрой предложил обязать жителей многоквартирных домов платить за антитеррористическую защиту... Здорово! Вот только непонятно: каждому дадут по ружью или вокруг дома поставят забор с вышками и колючей проволокой?
Анекдот, Греф, в связи с наступлением Нового, 5781 года, сделал Сбербанку обрезание.
Анекдот, Эммануэль Макрон женился на своей школьной учительнице, а ты свою 20 лет навестить не можешь!
Анекдот, Каждое утро. тонны косметики скрывают от нас истинную суть женского\nпола.
Анекдот, Такое возможно только в России: встречать Новый год по старому стилю в\nсередине зимы по летнему времени и по колено в воде... :)
Анекдот, - Что такое "Красное и белое"?\n- Ээээ... Роман Стендаля, что ли?
Анекдот, "Пра-а-ативные!" - сказал пудель Артемон двум полицейским\nбульдогам и завилял хвостом.
Анекдот, - Я и крыс ем еще\n- Крыс ешь?\n- И крыс ем еще\n- ???\n- Икры, говорю, съем еще.
Анекдот, В Кремле сорвало крышу.
Анекдот, Приходит как-то раз сотрудник МИДа на работу. Прямо кипит от злости. Рассказывает коллегам:\n- Представляете, в кои-то веки сподобился поехать на метро. Так мало того, что какой-то хам ноги оттоптал, так еще и обматерил.\n- Ну а ты?\n- Выразил ему свою глубокую озабоченность!
Анекдот, Хорошо быть женщиной! С работы пришла: быстренько убралась в квартире,\nпостирала, погладила, сбегала в магазин, ужин приготовила, посуду помыла\n- и всё! Делай, что хочешь!
Анекдот, Собирается жена в магазин. Муж:\n- Ты деньги взяла?\n- Взяла.\n- Смотри не трать.
Анекдот, В сказке для программистов поросята спасаются в домике из говна и палок, который они ремонтируют быстрее, чем волк его ломает.
Анекдот, До Нового года 68 дней, но Дедушка Мороз уже раздал подарки счастливым африканцам.
Анекдот, Порадовала реклама сантехнических услуг по замене труб "СТОЯК ГАРАНТИРУЕМ"
Анекдот, В изучении английского есть момент, когда индусов уже  понимаешь, а англичан еще нет.
Анекдот, Если раньше парень на новой иномарке - реальный пацан,\nто сейчас, девушки, будьте осторожны, если парень на новой иномарке -\nна нем висит 5-летний кредит.
Анекдот, В больнице пациент протягивает врачу пачку денег.\n- Неужели вы предлагаете мне взятку?!\nБольной испугался и отдернул руку с деньгами. Но доктор,\nпохлопав его по плечу, успокоил :\n- Вам повезло, друг мой, что я взяточник!
Анекдот, Когда худые начнут извиняться перед толстыми?
Анекдот, В магазине "Все по 45 рублей" сегодня исчезли евро. Дирекция просит не\nрасстраиваться, так как завтра завезут доллары.
Анекдот, Дрессированные губернаторы лучше всего выполняют команду "сидеть"
Анекдот, Парень упрашивает девушку сесть к нему на колени\nПотом носит на руках..\nИ это все для того, чтобы она потом уселась ему на шею.
Анекдот, Глупо бояться вредности китайской алюминиевой сковородки, жаря на ней наши "колбасные изделия".
Анекдот, Комиссия Сената США возложила всю вину за события 11 сентября на\nГолливуд.\nКак выяснилось, эта организация ввела в заблуждение президента Буша.\nВ обеспечении безопасности Нью-Йорка он, в основном, надеялся на\nчеловека-паука.\n(С) Роби
Анекдот, Хотел записаться на курсы по городскому ориентированию, но не смог найти их офис.
Анекдот, Ученые долго думали - в чем измерять частоту?\nТак и не придумали. Вот и пишут - Hz
Анекдот, - Витёк, а что такое SPA?\n- Это как СТО, только для женщин.\nИз сериала "Порох и дробь"
Анекдот, Установка более тугой пружины на дверь на 30 процентов уменьшило количество посетителей Пенсионного фонда.
Анекдот, Мне батя сказал если я еще буду долго сидеть у компа и в одноклассниках, не сделав уроки, то он меня мордой по клавиатуре возить будет, но я не лыком шитпрауекрогр8гоп66гшамджзщ8п679шгппппвукнпеирщз...
Анекдот, Рожденные в СССР могут гордиться тем, что их родили бесплатно.
Анекдот, Дама расказывает подруге:\n- С тех пор как мне сообщили в анонимном письме о том,\nчто мой муж мне изменяет, я мучаюсь одной мыслью...\n- С кем он тебе изменяет?\n- Нет. Я не представляю, как это у него получается.
Анекдот, - На Кипре потеряны российские миллиарды, как они их теперь восстановят?\n- Подорожанием всего в России.
Анекдот, Если у вас растёт поголовье тараканов и выглядят они сытыми и здоровыми, значит в вашем районе отличная экология!
Анекдот, Конец света добрался до России. Посмотрел по сторонам - похоже я тут уже был! И прошел стороной...
Анекдот, - А вы давно смотрели новости по телевизору?\n- Да я вообще телевизор не смотрю, всё что мне нужно, есть в интернете.\n- Тогда мы из телевизора  идём к вам в интернет..
Анекдот, Открылась горячая линия по вопросам отопления. Теперь каждый может позвонить и узнать, почему линия горячая, а батарея в квартире нет.
Анекдот, Трудности, по идее, должны дарить мудрость, однако обычно дарят просто тупое раздражение.
Анекдот, - Полетели на Мальдивы..\n- Полетели!\n- Не перебивай. Полетели на Мальдивы немец, еврей и русский..
Анекдот, Группа «Руки Вверх! » выпустила новый альбом, совершенно не похожий на\nвсе их предыдущие альбомы. Теперь там обложка синенькая.
Анекдот, Дмитрий Медведев в интервью не исключил своего скорого возвращения в Кремль.\n«Ну, и кто проговорился, что я ему билет на ёлку подарю?» - допрашивал Путин охрану.
Анекдот, - Как грамотно и корректно послать надоедливого человека?\n- Сказать: «Ваше мнение очень важно для нас...»\n©
Анекдот, - Поздравляю, - сказала медсестра мужчине в род­доме. - У вас родился седь­мой сын.\n- Вы хотите сказать, ше­стой?\n- Да, конечно, и шестой тоже...
Анекдот, «При демократии дураки имеют право голосовать, при диктатуре – править». Бертран Рассел, британский философ, логик и математик.
Анекдот, Чем сложнее ситуация, тем меньше заряжен мобильный телефон.
Анекдот, Новости шоу-бизнеса. Гарик Харламов по кличке Бульдог был покусан бульдогом по кличке Гарик.
Анекдот, Чем ярче личность, тем легче прицеливаться.
Анекдот, Серьёзные отношения начинаются только тогда, когда девушка показывает тебе свою фотку, где она маленькая сидит на горшке.
Анекдот, Сеть баров «Выпил – и многоточие».
Анекдот, Тёща на даче кричит зятю:\n-  Ой зятёк, ты не знаешь что делать при укусе ядовитой змеи?\n-  Надо держать её голову на расстоянии, мама, чтобы она не укусила в ответ.
Анекдот, Как музыку не сортируй, а папку "разное" создать придется.
Анекдот, - Но от кого так тщательно прячут этот циклопический дворец, его же с Луны без телескопа видно? От иностранных спецслужб? От своего народа?\n- От психиатров...
Анекдот, Те, кто хоть раз пил дешевые портвейны, знает, что на самом деле число\nдьявола - это 777...
Анекдот, В отдел кадров Заготконторы в поисках вакансии приходит бельчонок:\n- Здравствуйте, вам нужен сборщик орехов? Я согласен работать за один орех!\n- К сожалению для вас, мы уже наняли тушканчика.\n- Пф-ф! Он же не умеет собирать орехи!\n- Зато он согласен работать всего за половину ореха.
Анекдот, Передача "Давай поженимся":\n- Мне нужен богатый жених...\n- А вы ему что?\n- Писечку.\n- Ну так идите на панель, к нам-то зачем пришли?\n- Не могу на панель.\n- Это еще почему?\n- Заебалась!
Анекдот, Одинокая дама познакомится с немолодым, неинтеллигентным, невыдержанным\nи материально необеспеченным человеком, обладающим всеми вредными\nпривычками, с целью создания семьи для своей соседки.
Анекдот, Опытные грибники собирают грибы только на обратном пути,\nдавая им возможность ещё немного подрасти!
Анекдот, Дай нашим людям живую воду и они упьются ей до мертвецкого состояния.
Анекдот, Странные у нас люди... Тут не так давно один мужик тонну мусора на пляже собрал - так ему почему-то никто подражать не стал. Зато у дрищей, трясущих на камеру своими мудями, последователи нашлись.\nВот и поди догадайся - то ли у нас люди так танцевать любят, то ли реально долбо@бы растут.
Анекдот, FaceBook, WhatsApp, Instagram: у нас сбои в работе, наш сервисы упали.\nPornHub: у нас ничего не падает.
Анекдот, Наши небожители скорее опубликуют в Интернете коды ядерного чемоданчика, чем раскроют свои истинные доходы.
Анекдот, — С моим Моней совершенно невозможно жить!\n— Ой, так разведись!\n— Еще чего! Он мне жизнь испортил, а я его должна осчастливить?!
Анекдот, Народ у нас ни стыда, ни совести не имеет. Но на фоне власти выглядит\nсвятым.
Анекдот, В Киеве в музее славы Украины, открыли зал Украинской Повстанческой\nАрмии... и он называется "Зал УПА".
Анекдот, К хиромантии, астрологии и картам Таро надысь прибавилась еще одно занятие: истолкование санкционного списка США.
Анекдот, Один путешественник, отправляясь в путешествие, включил в состав экспедиции самую уродливую женщину, какую смог найти.\n— Зачем она вам? — спросили его.\n— Когда она мне начнет нравиться, я пойму, что пора возвращаться на родину.
Анекдот, Одна блондинка сообщает другой:\n- Знаешь, говорят, что твой муж улетел в Голландию вместе с секретаршей!\nТа ей отвечает:\n- Все это - сплетни. Я наводила справки: муж улетел в Голландию, а\nсекретарша - в Нидерланды!
Анекдот, Один мужик на 8 Марта изменил жене. Какой-никакой, а сюрприз.
Анекдот, Верховный Главнокомандующий один раз в четыре года, перед выборами\nдолжен поинтересоваться у Министра Обороны, чья армия в настоящий\nмомент находится на территории его государства, и если окажется,\nчто своя - пообещать повысить зарплату военнослужащим...
Анекдот, – Ты чё такой грустный?\n– Да новость прочитал…\n– Какую?\n– Любую!
Анекдот, - Почему ваш ребенок так орет? Чего он хочет?\n- Орать он хочет!
Анекдот, Революционная ситуация — когда верхи не могут воровать по новому, а низы не хотят бухать по старому.
Анекдот, Идея для ресторана. Делать порции для мужчин чуть больше. Чтобы мужчину не так раздражало, когда девушка захочет попробовать из его тарелки.
Анекдот, Джен Псаки: Байден скорее встретится с Ельциным, чем с Путиным.
Анекдот, Отсутствие комплексов зачастую является следствием отсутствия чувства меры и мозгов.
Анекдот, Складывается впечатление, что на Западе идет битва между исламистами и пидорасами!
Анекдот, Так и хочется когда-нибудь встретить фразу: "Требование правообладателя удалено в связи с требованиями пользователей!"
Анекдот, - Ребе, а можно в борщ класть сметану?\n- Конечно можно.\n- Ребе, но ведь евреям нельзя есть мясное с молочным вместе.\n- А ты что, есть его собрался?
Анекдот, На повестке два вопроса. Как править галактикой и как растянуть мешок картошки на три месяца.\nЧто характерно — как только ставится первый вопрос, так сразу появляется второй.
Анекдот, Тебя заеб@ло ездить в переполненном автобусе?\nХочешь Х6 и 5-комнатную хату?\nМечтаешь в Таиланд, на недельку отдохнуть?\nХочешь?!!\nТогда быстро жми "Выйти" и работай, бл@дь, работай!!!
Анекдот, Упрекать мужчину в том, что он всю жизнь идёт на поводу у своего члена, равносильно тому, что упрекать компас в том, что его стрелка показывает на север.
Анекдот, Иногда мужчина тебя так сильно хочет, что аж любит.
Анекдот, Восстание машин победило: роботы знают тебя в лицо, а ты их - нет.
Анекдот, Бизнесмен, известный сво­ими тёмными делами, полу­чил письмо: "Сэр, посколь­ку моя стенографистка - дама, то я не могу продик­товать ей то, что о вас ду­маю... Сам я, как джентль­мен, не могу произнести эти слова даже мысленно. А по­скольку вы не джентльмен, то сразу поймёте, что я хо­тел сказать".
Анекдот, Внимание!\nВ фильме содержатся сцены рукопожатий, прикосновений к лицу и пребывания на улице без уважительной причины
Анекдот, Самые богатые люди - это алкоголики, курильщики и автомобилисты.\nСколько ни повышай цены на алкоголь, табак и бензин - они продолжают пить, курить и ездить!
Анекдот, Того, кто бережно хранит каждый клочок бумажки, зовут Плюшкиным.\nА того, кто делает на каждую бумажку ещё десять, зовут бухгалтером.
Анекдот, - Сынок, сними это! Ты выглядишь нелепо!\n- Мам, в Москве уже невозможно выглядеть нелепо...
Анекдот, Это была плохая идея, поэтому я, конечно же, решил попробовать.
Анекдот, А вы слышали новость о том, что трое русских парней в Махачкале приставали к дагестанской девушке и избили дагестанского парня, который за неё заступился? Вот и я не слышал.
Анекдот, Уроки истории. Восстание под предводительством Спартака потому потерпело поражение, что восставшие рано поверили, что Спартак — чемпион.
Анекдот, Взломав систему ГАС-выборы, хакеры очень удивились, не обнаружив там\nничего, кроме стрелялок и порно....
Анекдот, - Люся, что это за юбка?\n- Это не юбка, это фата.\n- А почему она у тебя не на голове?\n- А потому что я не головой думала, когда замуж выходила!
Анекдот, Новые российские элиты: Демокрады, Бюрокрады и Технокрады.
Анекдот, Чапаев вернулся из Италии.\n- Василий Иваныч, скажи что-нибудь по-итальянски, - просит\nПетька.\n- Пошел на х... , Петруччо!
Анекдот, Мало кто знает, что ещё в школе Димка Медведев в сочинении на тему «Что\nбы я сделал для страны, если бы стал Президентом» честно написал –\n«ничего».
Анекдот, Ребенок - единственная вещь в доме, которую приходится стирать вручную.
Анекдот, Дом мужчины - его крепость, но только снаружи.\nВнутри это, чаще всего, детская комната.
Анекдот, Математика отличается от жизни так же, как деление на два отличается от\nделения на двоих.
Анекдот, Шарапова известила всех, что больше кричать не будет. Мужики в печали.
Анекдот, Кнопка с крестиком в правом верхнем углу экрана - портал в реальный мир...
Анекдот, Надеюсь лет через 40 все же введут орден за заслуги перед интернетом, иначе зачем это все?
Анекдот, Разговор мужа с женой.\nЖена: «Смотри какая интересная женщина идет. Эх, вот мне бы такую прическу как у неё и такое же платье».\nМуж: «Зачем?! Не переживай даже. В постели ты её гораздо интересней».
Анекдот, Умирает теща...\n- Позовите зятя, хочу с ним попрощаться.\nЗабегает зять с бутылкой водки:\n- Ну что, давай, теща, на посошок.
Анекдот, Совет от премьера: "Запомните, пенсионеры, если не жрать, то инфляция и кризис практически не ощущаются".
Анекдот, Совет: Если ты много пьешь, старайся пить с разными людьми, чтобы они не догадались, что ты алкаш!
Анекдот, – Что ты делаешь после работы?\n– Еду домой и работаю, но уже в некрасивой одежде.
Анекдот, "Наибулина проделала фантастическую работу!" А ждали реальной...
Анекдот, Если долго сидеть на берегу реки, рано или поздно жена сломает удочки.
Анекдот, Водка - губит человека, но и люди водку не щадят.\nFirstonx
Анекдот, Пока существуют люди, которых я раздражаю, я буду жить и продолжать свою великую миссию.
Анекдот, Яша Рабинович не умел воспитывать детей, поэтому, когда Сарочка была в отъезде, он приглашал соседку Фаю...
Анекдот, Понаехали тут! - в один голос  вскричали Робинзон и Пятница, увидев причаливший к берегу британский корабль.
Анекдот, Эмоции после того как узнал что в Англии самое популярное имя года -\nМухаммед."Может мы (Россия) и проиграли холодную войну, зато вы (Европа)\n- Крестовые походы прое..ли!"
Анекдот, В поисковиках, чтобы быть ближе к народу, над главной строчкой надо указывать не цены на доллар, евро и нефть, а цены на бензин, гречку и сахар.
Анекдот, Самый страшный в тундре зверь - геолог, в капкан не идет,\nа стрелять его нельзя.
Анекдот, Мысль об увольнении пришла мне в голову именно в тот момент, когда начальник на полном серьёзе отругал меня за то, что я пришёл на работу в выходной (!) день в джинсах.
Анекдот, Говорят, молодёжь нынче пошла не та? Так ведь и бабушки уже не те... Носки не вяжут, пироги не пекут - в Интернете сидят!
Анекдот, Спорткар у них: везём машину в специальный сервис, тюнингуем "мозги",\nзаменяем выпускную систему на спортивную, ставим спортивные шины и\nдиски, устанавливаем аэродинамический обвес. Спорткар по-русски:\nотрезаем глушитель.
Анекдот, Задержаны неизвестные, пытавшиеся искривить Прямую линию Путина.
Анекдот, - Вчеpа с девушкой познакомился, талия - во, ноги - во.....\n- Ты че, на себе не показывай, плохая пpимета.
Анекдот, Более ста миллионов(!) россиян пройдёт диспансеризацию в 2025 году, заявил глава Минздрава России Михаил Мурашко. Также он напомнил, что, как и в предыдущие годы, посещение гражданином лечебного учреждении при этом необязательно -  достаточно наличия аккаунта на "Госуслугах".
Анекдот, В Молдавии за второго ребёнка правительство выдаёт мешок цемента.\nНо потратить его можно только на образование.
Анекдот, - Поручик, это правда, что вы пропагандируете любовь втроем?\n- Увы, мадемуазель: б**ди здесь такие цены заламывают, что мне одному\nне по карману.
Анекдот, Сидят в баре звери. Вдруг заяц открывает дверь пинком,\nподходит ко льву и говорит:\n- А ну, пошли.\nЛев:\n- Пошли.\nЧерез некоторое время лев возвращается - весь в крови,\nс мордой исцарапанной. Удивленные звери спрашивают:\n- Ну что?\n- Да кто ж знал, что он по крыжовнику побежит???
Анекдот, Дай человеку рыбу и он будет сыт один день.\nПодари ему удочку и он будет сыт всю жизнь.\nДай человеку ссуду на удочку и он станет твоим должником.\nПродай ему подписку на удочку, аналитику и облачный сервис рыбных мест и он станет постоянным источником дохода.
Анекдот, Отец набросился на дочь, которая поздно возвратилась домой:\n— Ты была одна?\n— О-д-дна…\n— А с кем ты была одна?
Анекдот, В секс-шоп поступила новая кукла "Искусственная жена".\nОна абсолютно точно имитирует все движения во время полoвого\nакта. В момент оргазма мужчины она зевает.
Анекдот, Метро - это заживо похороненные трамваи.
Анекдот, - Алло, справочная? Вы не подскажете, где продаётся виагра для женщин?\n- В любом ювелирном магазине.
Анекдот, Я бы с гораздо большим интересом слушал мнение армян, грузин, азербайджанцев, таджиков с узбеками и т.д. о патриотизме, если бы они высказывали его, живя на родине.
Анекдот, Подозрительную сумку, забытую в метро, обнаружил гражданин Н.\nПосле того, как подоспевшие милиционеры извлекли из нее банку черной\nикры и пачку долларов, он не выдержал и взял вину на себя.
Анекдот, Настоящий кризис и полный пиздец - это когда собираешься ехать\nгастарбайтером в Таджикистан или Молдавию.\n(c) the Free Friendly Spirit Slava
Анекдот, Объявление в парикмахерской: ЛЫСЫЕ - ПАРАЗИТЫ ОБЩЕСТВА!
Анекдот, Следователь прокуратуры докладывает президенту:"Васильева показала на Сердюкова, Сердюков на Чубайса, Чубайс на Суркова, Сурков на Медведева, Медведев на...".\n"Достаточно..." -прерывает Владимир Владимирович: "...и так уже вполне очевидно, что никто ни в чём не виноват..."
Анекдот, - Рассказывают, что один автор очень ревностно относился к авторским правам, пресекал плагиат, запрещал всем исполнять его произведения и чуть, где услышит свои ноты, сразу подавал в суд.\n- Это кто же такой?\n- Да кто ж его знает? Его никто не знает, никто не слышал, никто не исполнял...
Анекдот, Еду по городу... По радио передают, что сегодня всемирный день поцелуев.\nЯ, взгрустнув, не успел ещё про себя подумать:\n- Эх, а мне ведь даже и поцеловать некого!...\nКак тут же на светофоре целую в зад девятку...
Анекдот, Кстати, напомню: по существующим законам, если секс продолжается более двух часов, вас обязаны кормить.
Анекдот, Сделал дело - переделай, но без работы не сиди!
Анекдот, Два чеха сидят, смотрят телевизор. Один говорит:\n- Да, повезло нам.\n- Что в НАТО вступили?\n- Нет, повезло, что СССР не был в 68-м свободным демократическим\nгосударством. А то бы и по сей день не восстановились...
Анекдот, Вкус соли можно заметно улучшить, если положить её на краю стаканчика с текилой.
Анекдот, - Плохие лимоны после смерти попадают в лимон-ад.\n- А хорошие в Текилу и Мартини!!!
Анекдот, В России зарегестрированы случаи атипичного похмелья: наутро хочется\nсмеяться, петь песни и просто радоваться жизни!\nIron_Master
Анекдот, – Бывают же такие дебилы, которые везде лезут! В каждую дырку!\n– Дуршлаг ему подари – на пару дней займешь чувачка.
Анекдот, Вылезает червяк из спагетти и удовлетворенно говорит:\n"Вот это групповуха!!!"
Анекдот, Счастье это когда тебя понимают и сразу идут нахуй.
Анекдот, Письмо из армии: "Намедни прапор приказал почистить унитаз зубной\nщеткой... Свою я конечно пожалел, а вот щетка прапора справилась с\nпоставленной задачей на отлично (только тссс)".
Анекдот, Мать — дочери:\n— И куда это ты так разделась?\n© Дмитрий Лавренков
Анекдот, Две соседки с остервенением выбивают ковры.\n- "Жигули" придумали мужики... Сволочи...\n- Чтобы по дому ни черта не делать...
Анекдот, Иногда я просто хочу, чтобы меня кто—нибудь обнял и сказал: «Я знаю, трудно. Но всё будет хорошо! Вот тебе шоколадка и 6 миллионов долларов».
Анекдот, Замечено, что у многих с 35-ти до 45-ти лет происходит сложный переходный процесс.\nОни переходят с 46-го на 56-ой размер...
Анекдот, Скажи женщине сто раз, что она красивая – не запомнит и завтра спросит снова.\nОдин раз скажи, что толстая – запомнит на всю жизнь...\nХотя для тебя, дружок - завтра уже не наступит...
Анекдот, Круть! Теперь любому депутату, чиновнику и менту можно говорить: "Ваше сообщество признано экстремистским!"
Анекдот, Сегодня видел, как несколько кавказцев шли и кланялись коренным москвичам...\nИначе под турникетом в автобусе не пролезть.
Анекдот, В России "за фальсификацию выборов" - это не статья, а тост.
Анекдот, В подъезде у Бориса Моисеева лампочки выкручивают какие-то натуралы.
Анекдот, Когда изобретут элексир бессмертия, весь мир возликует.\nИ только граждане Беларуси хором скажут: "Б***ь!".
Анекдот, Решил заняться спортом. Выбрал бег. Добежал до компьютера. Сижу. Бегаю глазами по монитору. Я прямо чувствую: "Спорт - это моё!".
Анекдот, С моей кредитной историей в банке я могу взять только огурец.
Анекдот, Люди бывают двух видов:\n1. Вижу что-то красивое - фотографирую это\n2. Вижу что-то красивое - фотографируюсь на фоне этого
Анекдот, - Вы будете смеяться, но говорят, что Рогозина назначат главой счётной палаты вместо Кудрина.\n- Тут не смеяться надо, а плакать.\n- Плакать от счастья?\n- Безусловно.
Анекдот, В принципе, окружающие делятся на две категории – на тех, кто меня хвалит, и тех, кто совершенно не разбирается в людях.
Анекдот, Если вас всё устраивает в стране, значит вы – депутат Государственной Думы.
Анекдот, - А ты когда-нибудь жил в другой стране? Ну, совсем другой. Чтоб совершенно не как у нас. И чтобы не наездом, а долго...\n- Довелось. Полжизни прожил.\n- Да ты что... А в какой?\n- В СССР.
Анекдот, Старость не радость. Раньше я членом мог орехи колоть!\nА сейчас вы видели, сколько стоят орехи?!
Анекдот, Помоги столице! Экономь электроэнергию! ОТКЛЮЧИ Num Lock!
Анекдот, Парочка едет на спортивном автомобиле. Она:\n- Дорогой, не надо ехать так быстро, я боюсь.\nОн:\n- А ты закрой глаза, как я.
Анекдот, — Слушай, может, поужинаем когда-нибудь?\n— Вообще-то хочется каждый день ужинать.
Анекдот, Кроме девок и водки, есть масса других занятий. Правда, они не интересные.
Анекдот, Ходят две подруги по магазинам, перебирают одежду, обувь. Подходит молодой продавец:\n- Могу ли я вам чем-то помочь?\n- Да вот нам нужно выбрать блузку.\n- Какой у вас размер?\nНу одна:\n- Рост 170, вес 60, 90-60-90, 3-й размер груди...\nДругая:\n- Марина! Марина, очнись! Ты не в интернете!
Анекдот, - Дорогой, почему ты отодвигаешь тарелку и ничего не ешь? Ты ведь только что говорил, что голоден, как волк!\n- Милая, где ты видела, чтобы волки ели морковные котлеты?
Анекдот, Разговаривают две блондинки:\n- Решила 1 апреля пошутить над мужем. Купила тест на беременность, нарисовала вторую полосочку, применила согласно инструкции и сижу, смотрю на тест с тремя полосками...\n- Тройня будет, не иначе...
Анекдот, Эпитафия на могиле Змея Горыныча: "Он был рождён чтобы летать, имел\nпламенное сердце, владел тремя языками, и ценил женскую красоту".
Анекдот, - Финита, ля комедия.\n- А почему "Б" пропущена?\n- Цензура...
Анекдот, Несмотря на всё разнообразие пород и окрасок, на самом деле существует лишь три настоящих разновидности кошки:\n1. Спальщик накресельный.\n2. Всесъедальщик кухонный.\n3. Шастальщик обыкновенный.
Анекдот, - Господин режиссер, а почему у вас главный герой, получив три пули, как ни в чем не бывало, догоняет преступника, улепетывающего на мотоцикле?\n- Знаете, при том гонораре, который он себе выбил, он не то что мотоцикл, он самолет должен догонять...
Анекдот, Когда до Трампа дойдет, что КНДР не проводит испытания баллистических ракет, а просто никак не может попасть ракетой в Вашингтон?
Анекдот, Очень криворукий мальчик думает, что его зовут Сашабля.
Анекдот, Исходить говном — прерогатива сытых, голодные же исходят слюной.
Анекдот, - У меня родился сын!\n- Поздравляю! Как жена?\n- Жена узнает - офигеет!..
Анекдот, - Слушай, а как ты поступаешь, когда у твоей жены истерика?\n- Кидаю в нее пачку денег.\n- И что?\n- Сидит, молчит, считает.
Анекдот, Учеными доказано, что Карлсон - банальный компьютерный вирус.\nОн появляется только когда у Малыша открыты Окна.
Анекдот, Предлагаю поправку в Конституцию "Запустить Терешкову в космос на неограниченное количество сроков"...
Анекдот, В Новом году нам нового счастья не надо, оставьте хотя бы то, что было у нас раньше.
Анекдот, Каждыи народ имеет то правительство, которое его имеет.
Анекдот, Можно не сомневаться, что у супругов удивительно трогательные, доверительные отношения, если один из них может спросить другого: «Слушай, а когда у тебя последний раз был секс?»
Анекдот, - Мог бы как-нибудь и в ресторан позвать.\n- Я не хожу в ресторан с замужними женщинами.\n- Да ты ухуел - я ТВОЯ жена!\n- Никаких исключений.
Анекдот, Путин и Медведев не отдадут Россию на растерзание жадным акулам\nкапитализма, которые только и мечтают разделить нашу страну и выкачивать\nиз неё природные запасы.\nПутин и Медведев сделают всё это сами!
Анекдот, Коротко обо мне:\nГрешу, но склонна к покаянию...
Анекдот, Десять фактов, которые мужчины знают о женщинах.\n1.\n2.\n3.\n4.\n5.\n6.\n7.\n8.\n9.\n10. У них есть сиськи.
Анекдот, Загадка: У Арнольда Шварценегера это длинное. У Майкла Фокса -\nкороткое. У Мадонны его вообще нету, а Папа Римский этим давно\nне пользуется.... Что это?\nОтвет: Фамилия...
Анекдот, Женщины - это такие люди, которые объясняют всем остальным, как надо правильно себя вести, и где лежат носки.
Анекдот, Ну если Джеймса Бонда хотят сделать женщиной, то что мешает Безрукову сыграть Анну Каренину?
Анекдот, От  переименования  милиции в полицию сумма взятки не меняется.
Анекдот, Дума обещает вернуть зимнее время весной. Не удивлюсь, если осенью они вернут летнее время.
Анекдот, Ссора без секса - нервы на ветер.
Анекдот, Первомайская демонстрация. Колонны несут транспаранты с лозунгами.\nТрубопрокатный завод: ``Труба стране - труба народу!``\nХимический  комбинат: ``Родина! Принимай серную кислоту!``\nНа артиллерийской академии: ``Наша цель - коммунизм!``
Анекдот, - Как тебе удаётся так быстро укладывать своего мелкого? Я уже и сказки,\nи колыбельные - всё бестолку. Совсем измучилась...\n- Только тебе: звонишь вечером в тех-поддержку, даёшь трубку мелкому,\nвместо гудков вызовов у них играет "Ноктюрн" Шопена, пять минут и\nготово!
Анекдот, Училка:\n- Сегодня, дети, мы будем спрягать глаголы. Я стою, ты стоишь,\nон стоит, мы стоим, вы стоите, они стоят... Вовочка, повтори!\n- Все стоят!
Анекдот, Что самое обидное для мужика в движении "Me Too"?\nНе то что он когда-то, кого-то трогал за жопу!\nА то, что эти престарелые бляди, которых он когда-то трогал, не вспоминают о нем, если сейчас с него нечего взять!
Анекдот, Самка человека значительно милосерднее, чем самка богомола.\nОна откусывает у своего самца только квартиру и половину зарплаты.
Анекдот, Удалось решить проблему лишнего веса: теперь весь свой вес считаю нужным.
Анекдот, - Моя жена сделала меня религиозным.\n- Нифига себе!\n- Ага. До свадьбы я не верил в Ад.
Анекдот, Юмор, как и женский стан, должен быть тонким, но не плоским.
Анекдот, Пора включить в учебники по судебной медицине ещё одну причину смерти: «не заплатил врачу»...
Анекдот, Мендельсона слушают стоя. Шопена — лежа. Круга — сидя.
Анекдот, Новый церковный служащий украдкой пробрался к священнику в то время, как\nтот читает проповедь, и прошептал:\n- Отец, там на хорах... играют в покер.\n- Знаю, - прошептал пастор, - но сначала я должен закончить здесь
Анекдот, К прапорщику Сидорову, ушедшему в очередной запой, белочки пришли в колонну по трое.
Анекдот, Указом президента России в связи с принятием закона о неоправданном использовании иностранных слов в русском языке постановляется: Заменить термин "Президент" на термин "Царь", термин "Депутат" на термин "Боярин", а термин "Термин" на термин "Понятие".
Анекдот, Если в Америке политкорректно называть негров афроамериканцами, то\nможет у нас будет политкорректным называть евреев израилороссиянами.
Анекдот, - В принципе честный человек может стать президентом России?\n- Все дело в принципе. Если он честный только в принципе,\nто может. А если он честный - то может, но только в принципе.
Анекдот, Когда Рынок окончательно победит, мы увидим рекламу на Кремлевской\nстене: "Здесь могла быть Ваша могила".
Анекдот, - Вчера проснулась, а тебя нет. Где ты был, дорогой?\n- А где ты проснулась, дорогая?
Анекдот, Разговор тещи с зятем:\n- Когда я была молодая, я была такая глупая!\n- Теща, вы хорошо сохранились!
Анекдот, Нужно запретить упоминание о видовой принадлежности преступника (к виду Хомо сапиенс).\nИ о преступлении сообщать, например, так: "существо класса млекопитаюших, подкласса зверей - совершило в Москве очередное преступление..."
Анекдот, Чемпион мира по тетрису может посадить за стол в два раза больше гостей, чем обычный человек.
Анекдот, Как убедить жену, что ты и вправду был на рыбалке, а удочку дома оставил не потому что у тебя есть другая женщина, а потому что у тебя есть другая удочка?
Анекдот, Английская компания Tarmac изобрела асфальт, который поглощает воду. Как адекватный ответ, в Сколково изобрели воду, которая поглощает асфальт.
Анекдот, В деревне было заведено, что в субботу бабы моются, а в воскресенье -\nмужики. Однако пару лет назад банщик Варфоломей совсем одряхлел, и\nбанный день сделали один. Общий. Бабы тогда надолго задумались, а потом\nбыстро согласились. А мужики быстро согласились, а потом надолго\nзадумались...
Анекдот, Депутаты Госдумы решили обязать россиян доносить на родственников.\n- Алло, это прокуратура?\n- Да, я вас слушаю.\n- А мой папа на взятку купил "Бентли".\n- Люся, это ты?\n- Папа?!
Анекдот, Чем темнее народ, тем сказочнее лес.
Анекдот, Чукча:\n- Как русская геолога уехал - жена совсем глупый стал. Видит хуй -\nдумает, трубка, курить хочет.
Анекдот, - ИГИЛ готово работать с любым новым президентом США, - заявил Абу Бакр аль-Багдади.
Анекдот, Чтобы убедиться, что человек - дикое животное,\nдостаточно назвать его в лицо свиньей...
Анекдот, — Алло, секс по телефону?\n— Нет, налоговая, но мы тоже умеем!
Анекдот, - Женись на мне.\n- Но ты же жаба.\n- Но мы же в сказке!\n- Но ты же реально жаба!
Анекдот, Джордж Буш нашел способ ввести американские войска во все страны мира -\nон объявил войну цыганам.
Анекдот, Если фильм смотрят один раз — это плохой фильм.\nЕсли фильм смотрят два раза — это хороший фильм.\nЕсли фильм смотрят три раза — это отличный фильм.\nЕсли фильм смотрят бесконечно — это Ирония судьбы.
Анекдот, Бесстыжий сантехник, это субъект, который прикинувшись соблазнителем, чинит кран… и молча уходит.
Анекдот, Жена звонит мужу:\n- Дорогой, ты ушел, а я по тебе уже сильно скучаю. Возвращайся поскорее.\n- Дорогая, я еще в прихожей.
Анекдот, Коуч пудрит мозги художникам:\n- Как вы рисуете - это не самое важное. Вы должны уметь подать себя. Если вы авангардист, одевайтесь вызывающе, если вы маринист, носите что-нибудь морское... Молодой человек, зачем вы штаны снимаете?\n- А я рисую в стиле ню!
Анекдот, - Больше всего на Олимпиаде повезло нашим пловцам: все ребята летели\nдомой возле окошка!\n(c) КВН, команда РосНоУ
Анекдот, - Алло! Васю можно?\n- Он спит\n- Если проснётся, скажите, что звонил Вова\n- Что значит – «если проснётся?»
Анекдот, - Чё от тебя так перегаром несёт?!\n- Я перегорел.
Анекдот, Вообще-то каждый человек чудо как хорош, если правильно рассчитать дозировку. Самые невыносимые типы могут показаться почти ангелами, если видеть их один раз в три года и не дольше тридцати секунд.
Анекдот, - Не едят, не пьют, а постоянно растут?\n- Цены.
Анекдот, Запомни, Золушка, ровно в полночь народное единство превращается в индивидуальное предпринимательство.
Анекдот, Если один учитель не может преподавать все предметы, то как можно ожидать, что один студент выучит все предметы?
Анекдот, "Премьер-министр РФ Владимир Путин поставил задачу снижения инфляции\n"до однозначных цифр".\nУченые-математики изучают возможность писать числа от 10 до 20 одним\nзнаком.\nФруктов
Анекдот, У физиков есть традиция. Каждые 16 миллиардов лет они собираются вместе\nи запускают большой адронный коллайдер.
Анекдот, Британские ученые определили, что в солёных огурцах образуются вещества, которые снижают уровень тревожности.\nВот откуда растут ноги нашего пофигизма.\nЭто они еще не пробовали их в сочетании с водкой... Офигели бы!
Анекдот, Проводник на самолете абхазских авиалиний:\n- Дамы и господа, туалеты находятся в двух концах: в Сухуме и в Москве!\n(c) Команда КВН "Парни из Абхазии"
Анекдот, - Поиграл вчера в лотерею.\n- Выиграл что-то?\n- А как же! Подключение горячей воды в доме.\n- Как называется эта лотерея?\n- Прямая линия с президентом.
Анекдот, Чем бы ты ни занимался, что бы с тобой ни произошло, это всё уже бывало с таксистом...
Анекдот, Мне было настолько лень разбираться как настраивать время на микроволновке, что я просто включил её в розетку ровно в полночь.
Анекдот, - Фима, ты знаешь, у меня такая депрессия! Уже давно не было секса, и совсем денег нет!\n- Софочка, да в чём проблема?! Таки только скажи, шо мине расстёгивать вперёд - кошелёк или бруки?
Анекдот, - Кстати, вы слышали, что большинство женщин\nпользyются помадой "Максфактоp"?\n- Ага, и меньшинство мyжчин тоже...
Анекдот, Дурной пример - заразительный, а против хорошего примера обычно -\nиммунитет.
Анекдот, Была у меня одна подруга, у которой никогда не болела голова... страшный человек, очень страшный…
Анекдот, Народная примета: если вы кинули камень в воду и не видите кругов,\nзначит, наступила зима.
Анекдот, Согласно жеребьевке Кубка Конфедерации, проведенной в Казани, нашей сборной предстоит проиграть сборным Португалии, Мексики и Новой Зеландии.
Анекдот, — Какое место вы рассчитываете занять в нашей компании в ближайшие 5 лет?\n— Я хотел бы занять место, где никто не будет видеть мой монитор.
Анекдот, - Алло, тебе удобно говорить?\n- Нет, у меня Galaxy Note.
Анекдот, В УК РФ появилась новая статья - НИ ЗА ЧТО. Наказание - от штрафа до пожизненного заключения.
Анекдот, В России могут ввести налоговый вычет для новой категории граждан. А именно  - на чиновников, освобождённых от уголовной ответственности за коррупцию.
Анекдот, Как сказал один умный человек: "Ночью дружбой не займёшься".
Анекдот, Новость.\nОчень испуганный страус убил крота!
Анекдот, - Ты знаешь, Сёма, что изобретатель гильотины был третьим человеком,\nкоторого на ней же и казнили?\n- Вот это да! А за что?\n- Не знаю... Тест-драйв, наверное...
Анекдот, - Иосиф Виссарионович, к Вам приехал Ваш врач.\n- Почему приехал!? Такого уважаемого человека могли бы и сами привезти,\nтоварищ Берия!\n- Да, конечно. Но когда мы в прошлый раз пытались привезти его сами, у\nнего самого случился сердечный приступ.
Анекдот, Женская мечта: хотя бы раз сходить с авоськой в ювелирный, а не\nпродуктовый магазин.
Анекдот, "Кобзон рассказал о состоянии здоровья Табакова и Гафта"... Ранее Кобзон давал справки о здоровье Задорнова и Хворостовского, и они оба умерли. Кто-нибудь, заткните Иосифа Давыдыча!
Анекдот, Есть люди, которым не доверяешь настолько, что после рукопожатия пересчитываешь пальцы.
Анекдот, - Алло! Вы не можете сделать так, чтобы с 23-00 до 7-00 у меня сегодня не\nбыло интернета?\n- Что, выспаться захотелось?\n- Да\n- Сделаем
Анекдот, - Скажите, доктор, а операция будет проводиться с анестезией? - со\nстрахом спрашивает пациент.\n- Конечно! Анастезия Павловна, подержите больного.\nАлекса.
Анекдот, В больнице хирург кричит:\n- Марья Ивановна, вы почки не выметали?
Анекдот, Мы умнее тех, кого выбираем.\n© Михаил Жванецкий
Анекдот, В детстве мама запрещала мне общаться с такими людьми, каким я сейчас стал...
Анекдот, - Доктор, почему все считают, что я нимфоманка?\n- Ну сразу трудно сказать, сделаем обследование...только\nчлен мой отпустите, чтоб я карточку мог заполнить.
Анекдот, Чтобы мечты сбывались, нужно просто, чтобы рядом был любящий волшебник, а не болтливый сказочник.
Анекдот, Не Блядь, а женщина с высокой сексуальной волатильностью!
Анекдот, То и дело слышим: "На Западе ужас как боятся возрождения Советского Союза"...\nБлин, да мы тут еще больше этого боимся. Мы всех этих братьев хер прокормим.
Анекдот, Медведев: "Я считаю, что руководители регионов максимально должны\nспособствовать закреплению людей на земле, где они живут, где проживали\nих предки".\nТак вроде ушли от этой практики в 1861 году...
Анекдот, Российские учёные доказали, что самый короткий день в году это вовсе не 22 декабря, а 1 января.
Анекдот, На одесском рынке.\n- Молодой человек, зачем было забивать такого маленького кролика?!\nВ нем же почти нет мяса!\n- Я его забил?! Здрасте! Он сам умер!
Анекдот, Тупые политтехнологи Байдена объявили, что у него короновирус. Идиоты, объявите, что у него гонорея!!! Рейтинг подпрыгнет до небес!
Анекдот, Бесчеловечно держать людей так долго в неопределенности. У нас о победе Путина на выборах известно через 10 минут после его согласия в них участвовать!
Анекдот, - Мальчик, ты любишь кататься?\n- Очень!\n- Ну так и катись отсюда к чёртовой матери!
Анекдот, - Сарочка, ви таки в восьмой раз вернулись к своему мужу?\n- Жора, ну шо я могу поделать? Как только я ухожу от него, у этого идиёта тут же появляются деньги!
Анекдот, Мэр сказал, что в нашем городе за содержание и ремонт зданий тарифы повышают...\n- Т. е. в моём доме, постройки 1959 г. нихуя за всё время его существования не делали, а теперь нихуянеделание дороже стоить будет?
Анекдот, Человека вспоминают по роли в имбецильных "Ворониных", а ведь еще в 70-х он пытался замочить Боярского в "Д'Артаньяне".
Анекдот, - Запад своими санкциями решил уничтожить Россию...\n- Наивные! Даже наше правительство не может этого сделать своими реформами...
Анекдот, -Что случилось с Петровым? Почему он не ходит на рыбалку?\n- А, он женился на той девушке, помнишь, которую вытащил из реки, когда\nона тонула.\n- Так, а на рыбалку-то почему не ходит?\n- А он теперь воды боится!
Анекдот, «Борьба с сокращением количества чиновников в России идёт рекордными темпами» — заявил помощник заместителя министра нижней палаты верховного собрания при приёмной губернатора по Ивановской области.
Анекдот, Эти подозрительные типы, похоже, уже разнюхали, что я недавно вылечился от паранойи.
Анекдот, Янукович объявлен в международный розыск. До сих пор неизвестно, где он находится - на Украине или в Украине.
Анекдот, Диван. Холодильник. Диван. Холодильник. У нас с котом удивительно совпадают интересы.
Анекдот, Директор зоопарка уже который месяц безуспешно пытается продать слона — никто не воспринимает его звонки серьёзно.﻿
Анекдот, Читая прогрессивную прессу.\nУ России сейчас две беды - самокатчики и квадроберы.
Анекдот, Я почти уверен, что вид людей, жрущих попкорн - причина, по которой выключают свет в кинотеатре.
Анекдот, После того, как объединенную оппозицию возглавил Гарри Каспаров,\nпрезидент Путин, наконец, объявил имя своего преемника. Им оказался\nкомпьютер "Deep Blue".
Анекдот, - Тебе непременно надо сходить к моему гинекологу.\n- Но зачем? У меня все в порядке.\n- Это замечательный доктор, он обязательно что-нибудь найдет.
Анекдот, - почему истина всегда всплывает на поверхность?\n- да потому что, как правило, она оказывается полным дерьмом!
Анекдот, - Удивительный дело, тараканы перевелись в России.\n- Они не перевелись, а предусмотрительно свалили.
Анекдот, - Я девушка! Я не хочу ничего решать! Я хочу новое платье!\n- Я мужчина! Я хочу всё решать, так что снимай платье!
Анекдот, Эксперты спорят о том, чего же назаказывает у Санта Клауса Грета на 2021 год..
Анекдот, - Алло, ты где?\n- В депрессии.\n- Отлично, я скоро подъеду.
Анекдот, Встречаются утром два мужика.\nОдин другого спрашивает:\n- Ты че такой замученный?\n- Да сон сегодня приснился: Клавдия Шифер, Наоми Кемпбел и еще пара\nофигенных красавиц дерутся с моей женой за меня!\n- И ЧЕ???\n- Жена победила!!!
Анекдот, Почему в России так ждут конец света?\nПросто россияне ждут хоть каких-то изменений к лучшему.
Анекдот, - А чего это Федя так странно себя ведёт - то плачет, то смеётся?\n- Да от него жена ушла сегодня...\n- Так а плачет-то он почему?
Анекдот, Учительница на уроке говорит детям:\n- А это вы разберёте со своим репетитором.
Анекдот, Маша Малиновская красит губы валиком.
Анекдот, Программисты много зарабатывают, это правда.\nМожно заработать остеохондроз, туннельный синдром, нервный срыв и всё это к 25!
Анекдот, Хорошавин готовился к выходу в свет закона об амнистии капитала. Даже домой его уже перевез...\nНе успевает законодатель за сознательными и активными гражданами
Анекдот, Когда меня спрашивают, что важнее, еда или любовь, я молчу, потому что ем.
Анекдот, Если у девушки на компьютере установлен "Яндекс.Бар", это - хороший знак. Значит, её вообще легко уговорить.
Анекдот, На вопрос жены - откуда у него в кармане женские колготки? Петров подумал и ответил - от Гуччи!
Анекдот, Apple: "Миллионы людей жаловались, что наушники постоянно путаются. Мы решили проблему. Теперь они беспроводные и будут постоянно теряться".
Анекдот, Хотел купить пивасика к футбольчику. Вспомнил, что играют наши. Взял водки.
Анекдот, Россия сегодня это Россия после вчерашнего...
Анекдот, - Или вы, голубчик, немедленно бросите пить, или ослепнете! - категорически заявил врач пациенту.\n- Понимаете, доктор, я старый человек и, мне кажется, видел уже всё...
Анекдот, - А что, отличное пальто! Я его в 2017-ом всё лето носил...
Анекдот, Есть два способа быть на вершине: делать что-то лучше или мешать другим делать лучше тебя.\nИ почему же у власти выбравшие второй способ?..
Анекдот, ``В подъезде стояли трое: он, она и у него``
Анекдот, - Сынок, я на кухне, посмотри, что за сообщение на телефон пришло?\n- Это тебя клуб “Тридцать Жирных” опять на встречу приглашаeт!\n- Сколько раз тебе говорила, это не тридцать жирных, а ЗОЖ!
Анекдот, Бросить бы курить, но тогда исчезнет единственная возможность положить на работу и выйти на улицу.\n- Можно выходить каждый час на перекур?\n- Да, конечно.\n- Я бросил курить, можно мне каждый час выходить на улицу, смотреть на солнце и деревья?\n- Ты ебанулся?! А работать кто будет?!
Анекдот, - Фрося, я сейчас тебя поцелую!\n- Ой, Ваня, я сейчас закричу маме!\n- И что мне будет?\n- Ничего, мамы нет дома!
Анекдот, - Как жизнь?\n- Нормально.\n- Тогда тебе надо срочно жениться.
Анекдот, Есть три степени эффективности воздействия женщины на мужчину: намекать, плакать и молчать.\nПросить, требовать и кричать - это три степени неэффективности.
Анекдот, Муж раньше времени возвращается из командировки. Жена у плиты, постель\nзаправлена, в доме кроме нее никого.\nМуж: - Я, что ошибся квартирой?\nЖена: - На тебя, блин, не угодишь!\nввв.хахаха.ру
Анекдот, - Господин Песков, такой вопрос: а непрерывно жиреющие в условиях глобального кризиса олигархи не опрокинут нашу накренившуюся лодку?\n- Граждане, успокойтесь. Никаких причин для беспокойства. У наших олигархов совершенно другая, отдельная лодка...
Анекдот, Новая сказка, полностью повторяющая сюжет сказки "Три толстяка", у нас\nназывается "Два карлика".
Анекдот, - Змей пожалел, что соблазнил Адама и Еву.\n- Почему?\n- Когда Ева съела яблоко, то она увидела в Змее не только животное, но и ремень, кошелек и сумочку.
Анекдот, Нашим биатлонистам в Сочи помешал туман, остальные соревновались в солнечную погоду...
Анекдот, - Какое ваше самое худшее качество?\n- Честность.\n- Не думаю, что честность прям так плохо...\n- Да мне похуй, что ты там думаешь...
Анекдот, Чем толще наши морды, тем теснее наши ряды...
Анекдот, Выявлен ужасающий факт расизма: Чёрный юмор намного смешнее афроамериканского.
Анекдот, Если госучреждение не поражено коррупцией - значит, оно никому не нужно!
Анекдот, У моей машины серьезные проблемы: дочь сдала на права.
Анекдот, - Ой, Циля, у вас не грудь, а таки целое достояние!\n- Ой, Фима, а у вас не рот, а шоколадная фабрика - шо ни слово, то конфэта!
Анекдот, - Выходите ли вы из автомобиля по просьбе сотрудника ДПС?\n- Выхожу, снимаю перчатку, бью гаишника по щекам и приговариваю:\n"Как стоишь, холоп?! Да я тебя - в Сибири на каторге сгною!". - Сажусь в машину и уезжаю.\n- А он?\n- А он остается счастливый - не на каторге же...
Анекдот, Гестапо перекрыло все выходы, но Штирлиц ушел через вход.
Анекдот, Когда я был маленьким, я потерялся на пляже. Хорошо, что меня заметил полицейский и взялся мне помочь найти моих родителей. Я спросил у него:\n- Как вы думаете, мы найдем их?\n- Не знаю, малыш, здесь слишком много мест, где можно спрятаться.
Анекдот, После слов "пышная, женская..." меньше всего ожидаешь услышать - прическа.
Анекдот, Судя по платежкам за коммунальные услуги, налог на роскошь все-таки ввели.
Анекдот, А говорили ему - не обижай шамана!
Анекдот, Батюшка, выходя из борделя:\n- Приём божественный, но цена безбожная!
Анекдот, Только русская женщина, остановив на скаку коня, продолжает считать себя\nхрупкой и нежной феей.
Анекдот, - Выходи за меня замуж\n- Так вот сразу?!\n- Ну можешь не сразу. Постепенно.
Анекдот, Эстонцы раскусили секрет спецэффектов Матрицы - стреляли из эстонских\nпистолетов.
Анекдот, Появились две новости - хорошая и плохая:\nХорошая - президента отстранили от должности.\nПлохая - это в Америке.
Анекдот, В рекрутинговом агентстве:\n- Я ищу работу.\n- А что вы умеете?\n- Ничего.\n- Места в Госдуме уже заняты, попробуйте в футбольные тренеры податься.
Анекдот, - А почему гаишники все толстые?\n- Не толстые, а крупные. Для удобства водителей. Чтобы их видно было\nиздалека
Анекдот, - Как уже достали эти фильмы со спецэффектами в главной роли!
Анекдот, Скунс - это животное, в котором больше всего развита сила духа.
Анекдот, Чтобы быть гуманитарием, недостаточно быть дебилом, не понимающим физику!
Анекдот, Иран обогащает уран потому, что уран, в свою очередь, обогащает Иран.
Анекдот, Вслед за запретом жене и мужу сидеть без пропуска рядом в одном авто - мосгордума рассматривает вопрос о необходимости получения ими пропусков на разрешение ложиться рядом в одну постель. Разовое для обычных граждан и многоразовое для военных и полиции.
Анекдот, - У вас жаба феншуйская с монетками прикольная в офисе.\n- Вообще-то это бухгалтер.
Анекдот, - А я вот тут недавно заметила, что шум компьютера немного похож на шум вентилятора.\n- Ты не поверишь...
Анекдот, - Только в китайским языке при помощи интонации одну и ту же фразу можно изменить до противоположности.\n- Да, конечно!
Анекдот, Иногда неразрешимую дилемму судьба ставит перед человеком. Понимаешь,\nчто не надо допивать бутылку, а оставить часть спиртного утром на\nпохмелье. Но с другой стороны, если не допьёшь, то похмелья не будет.\nЗачем тогда оставлять?
Анекдот, Женщина как конфета — привлекает обёрткой, но очаровывает начинкой.
Анекдот, Встречаются два директора ИТ компаний. Один советует другому:\n- Своди своих программистов на стройку в воспитательных целях. Чтобы посмотрели как выглядит работа руками и повысили мотивацию.\n- Пробовал. Потерял тимлида. Говорит, работа та же, орать на подчиненных, а на стройке еще и матом можно.
Анекдот, Секрет семейного благополучия: не торопитесь утверждать на роль жены ту, что не тянет даже на роль домработницы.
Анекдот, - Девушка, сколько времени?\n- Как это ни жаль, но я уже не девушка...\n- Тогда обойдемся без этих идиотских вступлений!
Анекдот, - Мыколо! А як твою корову зовут?\n- Гав-гав.\n- Тю, а чого???\n- В честь собаки Му-Му.
Анекдот, Скоро в Америке пройдут выборы президента.\nВот мы и узнаем, кто будет ссать у нас в подъезде.
Анекдот, Иногда кажется, что женщины с картин Рубенса вот-вот убегут обратно в бухгалтерию.
Анекдот, Мамы! Помогите! Как объяснить дочери, что мужик должен содержать женщину, а сыну - что все жадные суки, бросающиеся на бабло - пусть идут лесом?
Анекдот, Депрессия - когда хочется, чтобы хотелось.
Анекдот, Стоит ли двигаться вперёд, когда все идут тебе навстречу?
Анекдот, Вот… А вы говорили: «Выбрось елку»!
Анекдот, принеся в дом котёнка, вы получаете целый зоопарк: ест как собака, спит как сурок, гадит как лошадь, топает как слон, а ещё этот бегемот норовит лечь вам на голову..
Анекдот, Встречаются два друга.\n1-й: - Какие планы на завтра?\n2-й: - Идем с сынишкой змея в небо запускать.\n1-й: - У меня таже фигня, завтра тещу в аэропорт везу.
Анекдот, Чем гибче толкуется закон, тем шире морды у его блюстителей.
Анекдот, При тестировании вибраторов оценка "удовлетворительно" считается лучше\nчем "хорошо".
Анекдот, Фирма БМВ выпустила новую модель автомобиля без поворотников...
Анекдот, Ну что там, скоро комары начнутся? Очень хочется убивать.
Анекдот, Трамп ужесточил санкции против России и одновременно поддержал план по смягчению санкций против России.
Анекдот, - Что нужно сделать, чтобы губы накачать?\n- Откачать мозг! Абсолютно обязательное требование.
Анекдот, Сейчас такое время, когда фраза "Доброе утро" звучит как издёвка.
Анекдот, - Иди скорей сюда. Смотри.\n- Че там?\n- Создаю проблему из ничего.\n- Моя ты умница.
Анекдот, На встрече участников "Битвы экстрасенсов" вспоминали смешные моменты из будущего.
Анекдот, Решили два кума хорошенько погулять....\nВыгнали самогоночки, закололи кабанчика, сидят....\nОдин говорит другому, ну, куме, за здоровье!!!\nДругой отвечает, не, куме, кабанчик был здоровый, и шо, это ему помогло?\nВыпьем краще за удачу....
Анекдот, А я в детстве ел сирень с пятью лепестками.\nА у вас были варежки на бельевой резинке?\nА вы строили в комнатах шалаши из стульев и одеял?\nА вы тоже улыбаетесь, читая это? Да?
Анекдот, Военком говорит студентам, отчисленным из московских вузов:\n"Ничего, ребята, тяжело было в ученье - легко будет в бою!"
Анекдот, — Всё кончено, я ухожу от тебя!\n— Дорогая, постой! Прошу, дай мне шнапс!\n— Может, шанс?\n— Шнапс.
Анекдот, В России спрут - это глагол.
Анекдот, "В сортир или на кухню?" Обычно этим вопросом мучаются мухи и взводный, отправляющий провинившегося солдата в наряд.
Анекдот, Одного министра спросили, какие качества он прежде всего ценит в политическом деятеле.\n- Обязательность и сообразительность!\n- Что вы имеете в виду под обязательностью?\n- Он всегда должен выполнять свои обещания.\n- А под сообразительностью?\n- Он никогда не должен их давать...
Анекдот, Если вы увидели, что бензин подорожал, не огорчайтесь. Тут есть и положительные моменты. Например, что у вас есть глаза, и вы можете видеть.
Анекдот, - Ты же сенатор? Скажи что-нибудь по сенаторски.\n- Моя твоя не понимай.
Анекдот, Нищий стучится в дверь, открывает ему мужик.\nНищий:\n- Вы такая добрая семья. Я уже заходил к вам несколько часов назад. Ваша\nжена дала мне своего пирога. Может быть, и вы мне теперь поможете?\nМужик:\n- Своего пирога дала? Но я-то чем могу помочь? Не знаю... могу только\nтаблетки от живота дать.
Анекдот, Рамзан пригрозил всем чеченцам, которые ведут себя недостойно в Москве, страшным наказанием — вернуть обратно в Чечню!
Анекдот, Порошенко, став президентом в результате внеочередных выборов на Украине, заявил, что не допустит внеочередных выборов на Украине.
Анекдот, Девушки замуж выходят худенькими, чтобы легче в дом жениха проникнуть, а с годами толстеют, чтобы их оттуда вытолкать тяжелее было.
Анекдот, Кто в пробке постоял, над велосипедом не смеётся.
Анекдот, - Вы не подскажете: пляжное кресло из семи букв?\n- Шезлонг.\n- Воооот! Шезлонг мой, пожалуйста, освободите!
Анекдот, Мужчины! Когда у алтаря у вас спросят: «Согласны ли вы…», - знайте: это будет последний раз, когда кто-то спросит ваше мнение!
Анекдот, Хорошо было в детстве: мишурой обмотался, под ёлку залез, мандаринку съел — и ты в сказке! А сейчас уже и не знаешь, чем обмотаться, куда залезть и что слопать, чтобы хотя бы новогоднее настроение появилось.
Анекдот, Если навстречу - Валуев, а вы не перешли на МТС, перейдите на другую сторону улицы.
Анекдот, Взрывом американского посольства чуть было не закончился выпускной в Харьковском ракетном училище.
Анекдот, - Ты слышал, британские учёные объяснили, почему люди не видят инопланетян.\n- Мало бухают?
Анекдот, Глупый человек от невежественного отличается образованностью.
Анекдот, Следственный комитет возбудил новое уголовное дело в отношении Алексея Навального. Политика обвиняют в том, что он зная о грядущем лишении свободы в случае прибытия в Россию, умышленно вернулся на Родину, чтобы пребывать в колонии и тратить на своё содержание средства налогоплательщиков.
Анекдот, Весь народ мечтает об искоренении коррупции. Но узнай кто-нибудь из них,\nчто некто отказался от взятки в 50000 долларов, так 9 из 10\nпредставителей народа назовут этого отказавшегося дураком.
Анекдот, Офис. Разгар рабочего дня. Телефонный звонок - секретарша поднимает\nтрубку. Спрашивают босса: "Добрый день, а Ивана Ивановича можно?"\nТа отвечает: "А вы знаете, он вышел... ой, вошел...ой вышел...ой,\nопять вошел..."
Анекдот, Лайфхак: если хочешь забрать все призовые игрушки из тира, то целиться нужно не в игрушки.
Анекдот, - Пятый размер груди - это как у кого примерно?\n- У Семенович.\n- А шестой?\n- А шестой - это жопа.
Анекдот, У мужиков очень сложная жизнь: любишь одну, женишься на другой, занимаешься сексом с третьей, а ещё и на работу надо ходить.
Анекдот, - Какой идиот сказал, что все дороги ведут в Рим? Как может дорога\nСыктывкар-Урюпинск вести в Рим?!..
Анекдот, Иду домой с колбасой. На меня напала собака, понявшая что в пакете лежит\nколбаса. она хотела забрать колбасу. Но я не сдался.\nРассказ называется: "Как я защитил докторскую".
Анекдот, Так хочу Мерседес, а денег хватает только на "семерку"... и то на\nБалтику
Анекдот, Путин заявил, что хочет сделать Россию мостом между Востоком и Западом.\nКрасивые метафоры находит премьер - нет, чтобы просто сказать, что\nсобирается поставить страну раком...
Анекдот, Покупал девушке шампунь.\nНашёл "Против ломкости" и КУПИЛ ДВА!
Анекдот, Апарт-отель в Геленджике просмотрело 100 млн, но никто не забронировал!
Анекдот, Двое подростков беседуют.\nМаша:\n- Вова, а у тебя на меня стоит?\nВова, интилегентный мальчик лет пятнадцати, поправляя очки:\n- Знаешь, Маша, у меня в данный момент гиперсексуальность, у меня стоит\nдаже на линолеум.
Анекдот, Наиболее счастливы в семейной жизни те мужчины, которые работают на\nпилорамах - у них выработан профессиональный иммунитет.
Анекдот, Если хочешь посмотреть на конец света, выйди на улицу первого января в девять утра.
Анекдот, Если кто-то в детстве не наигрался в конструкторы, купите в Леруа плинтусы, а также для них: уголки внешние, уголки внутреннние, заглушки и соединители. Получите незабываемые ощущения при сборке!
Анекдот, Блондинка приходит к врачу и говорит:\n- Доктор, у меня проблемы с памятью, я уже через 5 минут все забываю.\n- Так… Разденьтесь, пожалуйста, за ширмой и ложитесь на кушетку.
Анекдот, Все охранники в ТЦ всегда грустные. Мне кажется, что это мужья, которые ждали жён возле магазина, и их не забрали.
Анекдот, - Пидарасы!!! – после матча Россия-Словения с ненавистью кричал Борис\nМоисеев.
Анекдот, - Если вы такой умный, то что же министерство возглавляете?\nВ. Черномырдин
Анекдот, Мои любимая страница в Библии - это когда Бог даёт людям свободу воли, а потом насылает на них наводнение, потому что они ведут себя не так, как Он хочет.
Анекдот, - Работаю ведущим инженером в КБ.\n- Зачем в "Красном и Белом" инженер?
Анекдот, На то, что вам положено, нами давно положено.
Анекдот, Почему зомби-апокалипсис никто не называет эпохой возрождения?
Анекдот, Пример женской логики.\n- Считаешь ли ты себя умной?\n- Нет, конечно. Что я, дура?
Анекдот, Не знаю, что прочли вы на мрачных лицах многих чиновников, слушавших Послание.\nЯ прочел: "Красть надо сейчас. Завтра может быть поздно".
Анекдот, Канун 8 марта. Он и она в постели.\n- Милый, что то мне не спится. Может займёмся любовью?\n- Спи! Не принято подарки раньше времени дарить!
Анекдот, СМИ: "РЖД заменит плацкартные и купейные вагоны на два новых типа".\nПереведу эту фразу на обычный русский язык: "Цены на ж/д билеты поднимут". И это относится ко всем подобным сообщениям.
Анекдот, Геологическая экспедиция Российской Академии Наук обнаружила\nнеисчерпаемое месторождение алюминия, стекла и собачьих какашек,\nрасположенное в районе детских площадок г. Москвы.
Анекдот, Лента. ру (http://www.lenta.ru/news/2011/03/13/start/):\n"Четверть избирателей Чукотки проголосовала за два часа."\nA за что проголосовали остальные три четверти?
Анекдот, - Говорят, в США нет паспортов, а куда же тогда они ставят штампы о прописке?\n- Там и прописки нет!\n- А что же проверяют полицейские?\n- Там запрещено просто останавливать прохожих и требовать документы.\n- Да пошел ты со своим враньём, либераст чёртов!
Анекдот, - Добрый вечер! Я ваш участковый. На вас поступила жалоба от соседей - сегодня целый день вы песни не орете, с женой не ссоритесь, посуду не бьете. Могу я увидеть вашу супругу?
Анекдот, Весь год думал, что копил на отпуск, а оказалось - на карантин.
Анекдот, Разница в возрасте конечно бывает, но она ничтожна по сравнению с разницей в уме.
Анекдот, Постелил котенку на пол газету с портретом Киркорова. Выражение "сходить на Киркорова" приобрело новый смысл...
Анекдот, А говорят женщины в технике не разбираются.\nТерешкова вон как мастерски скрутила пробег у президента.
Анекдот, На утро после корпоратива:\n- Ты зачем мне в 3:02 звонил?\n- Да это не я. Это ребенок нечаянно набрал, ты же Аня, на "А"\n- Ага. А смс-ку "Спишь сучка?" тоже ребенок случайно набрал?
Анекдот, Cухарики со вкусом черной икры все равно что жигули с запахом мазератти.
Анекдот, - Извините, это у вас лицо? У меня просто плохая память на лица.
Анекдот, - А я обновил свой айфон до седьмой модели!\n- Дмитрий Анатольевич, у вас есть ещё что сказать про успехи модернизации в России?
Анекдот, Женился. Думал она будет готовить как моя мама. А она бухает как мой дед.
Анекдот, - Папа, сколько требуется времени, чтобы встретить девушку своей мечты?\n- Много, сынок. Но чтобы скоротать время, можно пару раз жениться.
Анекдот, Усама бен Ладен в своем видеообращении лично подтвердил слухи о\nсвоей гибели.
Анекдот, Краткие результаты правления Джо Бидона: принял США с Трампом и оставил с Трампом.
Анекдот, Путин, подумали бляди. Студентки, подумал Путин.
Анекдот, Остап Бендер знал 400 сравнительно честных способов отъема денег у населения. И это у него еще интернета не было.
Анекдот, Труд сделал из обезьяны человека.\nУставшего, не выспавшегося, сутулого человека.
Анекдот, Написала в статусе: "Готовится план мести - молись, сволочь!.."\nВсе начали извиняться за то, о чём я даже и не знала!!!
Анекдот, Если вы замужем и у вас нет норковой шубы, бриллиантов, вы не ездите на дорогом авто... Поздравляю! Вы вышли замуж по любви!
Анекдот, - Доктор, к концу дня я устаю, как проклятый, и постоянно хочу бухнуть. Что со мной?\n- У вас три работы и ипотека.
Анекдот, Муж объелся груш - как главный итог новогоднего застолья в семье веганов\n©
Анекдот, Если в милиции часто били по лицу, то в полиции само название\nобязывает...
Анекдот, Я не плачу, мне просто моя жизнь в глаз попала.
Анекдот, Говорят, что Ева в свое время обвинила Адама в домогательствах. За это Адама наказали - выгнали из рая. А Ева не захотела остаться одна в раю и последовала за Адамом... Такова новая версия этой старой библейской истории!
Анекдот, После того, как друг-холостяк, проживающий в доме напротив, подарил мне бинокль, я узнал, что он мне не друг, а жена вообще никогда не задерживается допоздна на работе.
Анекдот, - Соседи-евреи говорят, что бог назначил их главными.\n- Так и вы говорите.\n- Так они для этого бога придумали!\n- Так и вы придумайте!!
Анекдот, Ученье - свет, а неученье - приятный полумрак.
Анекдот, В психиатрической клинике. Сестра:\n- Доктор, пациент из шестой палаты считает, что он волк. Что с ним делать?\n- Да ничего особенного. Только не позволяйте ему посещать бабушку.
Анекдот, Всегда умиляюсь, когда радетели за народ рассказывают о новых льготах каким-то категориям населения с таким видом, будто они будут финансировать этот фестиваль щедрости из своего семейного бюджета.
Анекдот, Вопрос армянскому радио:\n- Что общего между фантастом, историком и политиком?\n- Сила воображения! Фантаст придумывает будущее, историк – прошлое, а\nполитик – настоящее...
Анекдот, Америка ведет две войны - с терроризмом и с ожирением.\nОсобая удача - когда попадаются жирные террористы.
Анекдот, Вопрос:\n- Как определить, врет ли адвокат?\nОтвет:\n- Когда врет, у него губы шевелятся!
Анекдот, В магазине.\n- Посоветуйте, что лучше всего подарить 17-летнему парню?\n- 18-летнюю девочку.
Анекдот, Если в полночь на убывающую луну подойти к зеркалу, держа в одной руке\nдве зажжённые свечи, а в другой землю с кладбища, кожу жабы и хвост\nкрысы, то в отражении можно увидеть придурка, который отстал от жизни\nлет на триста.
Анекдот, Базовая разница между русскими и американцами:\nАмериканцы довольны повседневной жизнью, но не довольны президентом.\nРусские не довольны повседневной жизнью, но довольны президентом.
Анекдот, Авторитетный начальник - это не тот, кто угрозами увольнений и наказаний заставил работников прийти на уборку территории в выходной день, а тот, кто просто попросил, и люди пришли.
Анекдот, - Как вы относитесь к кандидату в президенты Х.Клинтон?\n- Ну, мухам она нравится...
Анекдот, Отказалась от жирного и вредного... А сейчас он зам. гендиректора "Лукойла".
Анекдот, Как мне кажется, когда золотая рыбка молвила человеческим голосом, старик заорал нечеловеческим.
Анекдот, Mногие евреи, услыхав, что у них испокон веков есть деньги, начинают\nсомневаться в своем происхождении.
Анекдот, - Семён Маркович, а вы что молчите? Выскажите своё мнение.\n- Спасибо, нет. Ещё скажу какую-нибудь глупость, а вы обидитесь.\n- Так вы не говорите глупости, скажите что-нибудь умное.\n- Ну, тогда вы меня вообще возненавидите.
Анекдот, В будущем, когда у всех будут киберимплантанты, при незащищённом сексе можно будет случайно подхватить "Яндекс.Браузер".
Анекдот, Вы кстати замечали, что любая страшная девочка легко становится лесбиянкой, а обычного некрасивого парня в геи берут с неохотой?
Анекдот, - А давай у нас будет просто секс без привязанностей?\n- В смысле без привязанностей? Я верёвки принесла.
Анекдот, - Как жизнь?\n- Плохо, они меня не замечают.\n- Женщины?\n- Деньги.
Анекдот, - Привет, чем занимаешься?\n- Работаю в Академии наук.\n- А точнее?\n- В Институте генетики.\n- А еще точнее?\n- В группе подготовки материалов для экспериментов.\n- Ну, а конкретно?\n- Мошек для анализов ловлю.
Анекдот, Российские учёные выяснили, что на сельских дискотеках шансы забеременеть и умереть примерно равны.
Анекдот, Ватсон спрашивает у Холмса:\n- Я понимаю почему вор взял из сейфа деньги и драгоценности. Но зачем\nон забрал жену лорда?\n- Элементарно, Ватсон! Чтобы лорд его не искал!\njonas
Анекдот, Россияне прислали ещё больше вопросов на прямую линию с Путиным, чем в прошлом году: чем дольше он правит, тем больше к нему вопросов.
Анекдот, - Бэрримор, я - последний потомок из своего старинного рода.\n- Не огорчайтесь, сэр, как только вы умрете, они сразу появятся.
Анекдот, - Вчера встретил одноклассниц. Они как розы!..\n- Что, расцвели?\n- Нет, распустились...\n(с) КВН ММА
Анекдот, - Пацан на семинаре читает доклад. Долго читает, нудно, при этом коверкая незнакомые ему слова. Вот он почти до конца его прочёл... Догадаешься, какие были последние слова в его докладе?\n- Ну?\n- "Источник не указан 68 дней"!
Анекдот, После того как рэп объявили музыкой, человечество было обречено.
Анекдот, Когда дети Романа Аркадьевича Абрамовича пишут, как они провели лето, на\nих тетрадях остаются слёзы учителей.
Анекдот, Женские откровения...\nЯ, как опытная хозяйка, солю борщ виагрой.
Анекдот, Сидит ворона с сыром на ветке дерева. Облизываясь, подбегает лиса\nс надоевшим вопросом:\n- Ворона, за кого проголосуешь на выборах?\nВорона аккуратно накалывая сыр на соседний сучок:\n- Все, пиздец, халявный сыр кончился...
Анекдот, Рабинович жалуется друзьям:\n- У меня нет ни жены, ни детей, ни тёщи - что я имею от жизни, кроме\nсплошных удовольствий?..
Анекдот, - Алло, это дежурка?\n- Да.\n- А кто сегодня на вахте?\n- Я, Ноябрь.\n- Как Ноябрь? У меня в графике Май числится.\n- Май подменял недавно Апрель, устал и попросил подежурить меня, а Апрель за меня в конце года отдежурит.
Анекдот, Самый худой депутат Государственной думы толще среднестатистического россиянина.
Анекдот, Про одомашнивание котов.\nОфициальная версия. Древние люди:\n- Ой, какие няшки! Давай возьмём одного домой.\nГорькая правда. Коты:\n- Смотри, у них там какие-то ништяки жарятся, давай поклянчим.
Анекдот, В гостях:\n- Ух ты, какой красивый у вас попугайчик! И так шустро разговаривает!\n- Да еще, притом, и часы исправно откуковывает!\n- А как же он время определяет?\n- А он соседскую кукушку за стенкой передразнивает!
Анекдот, Известному богачу исполнилось восемьдесят лет, и он прекрасно себя чувствует.\n- Чем объяснить твоё отличное здоровье? - спрашивает один из приятелей.\n- Ну, - отвечает богач, - прежде всего большим терпением моих наследников.
Анекдот, Конечно же, в нашей стране нет абсолютно никаких проблем и самая большая неприятность начала 2026 года - это отсутствие ГОСТа на бананы.
Анекдот, Жизненный девиз - чем больше я сплю, тем меньше от меня вреда.
Анекдот, Скажи атеисту: "Бог есть", и он улыбнётся.\nСкажи верующему: "Бога нет", и сядешь на три года.
Анекдот, Когда розетка говорит с человеком, то это шизофрения, а когда человек говорит с розеткой - это "умный дом".
Анекдот, Катя всего на один день не дождалась своего парня из армии. Она,\nконечно, не дождалась бы его и раньше, просто шанс выпал именно на этот\nдень.
Анекдот, Дружба между мужчиной и женщиной бывает после дружеского секса.
Анекдот, Два дpугана на пpиеме.\n- А что это за баpышня вон там?\n- О, это одна очень маститая поэтесса, хочешь познакомлю?\n- Да нафиг она нужна мне, со своим маститом!
Анекдот, Учитель объясняет учащимся 8-го класса:\n- В каждом человеке, если покопаться, всегда можно найти хорошие\nчерты. Вовочка, почему ты обижаешь Машу? Посмотри, сколько в\nней хорошего…\n- Чего на нее смотреть? На поверхности ничего не видно. А\nпокопаться и добраться до хорошего она не дает…
Анекдот, Урок обществоведения.\nУчитель:\n- Сидоров! Обоснуй равноправие людей с различным цветом кожи.\nВовочка:\n- Ну, возьмем любого человека и перекрасим его в черный цвет.\nМасса неудобств, но в негра он при этом точно не превратится.\nТак что цвет кожи на права не влияет.
Анекдот, Яша Рабинович приходит к портному и спрашивает:\n- Скажите, пожалуйста, это правда, шо мой сын Фима уже пять лет не рассчитывается за костюм, который вы ему пошили?\n- Да, вы пришли за него рассчитаться?\n- Нет, я только хотел узнать, нельзя ли на этих условиях пошить мне костюм?
Анекдот, Это любопытно. Оказывается, ограда вокруг здания Верховной Рады состоит из 450-ти острых металлических копьев... Это случайность, или так и было задумано?
Анекдот, Семейное положение: не годен.
Анекдот, В русском кунг-фу главное, чтобы оглобля сразу не сломалась.
Анекдот, Планируют разрешить строительство 12-этажных домов из дерева. Очень здравая идея. Но на всякий случай предлагаю самый первый такой дом заселить чиновниками, пробившими эту инициативу.
Анекдот, Не критикуй свою жену за отсутствие ума. Если бы она была умнее, ты был бы сейчас холостой, голодный и неухоженный.
Анекдот, Кристина знала себе цену, но накануне выходных, вечером в баре устраивала "черную пятницу"!
Анекдот, Осенние приметы:\nЕсли проститутки стоят с куртками в руках - ночь будет холодной.
Анекдот, Со временем Рабинович достиг уже такого возраста, шо ему стали нравиться не только молодые одесские девушки, но и их мамы тоже. А иногда и бабушки...
Анекдот, "Продается бюстгальтер Ericsson с определителем номера".
Анекдот, Последнее время я стал бояться фраз «хороший фильм», наверно, потому\nчто посмотрел два «самых лучших» фильма.
Анекдот, На новогоднем корпоративе.\n- Сёма, отстань, ты не в моём вкусе!\n- Люсенька, ты только попробуй...
Анекдот, Зачастую под словами "сложный характер" подразумевается всего лишь "говнистость обыкновенная".
Анекдот, - Девушка, вы водку пьете?\n- А это вопрос или предложение?\n- Для начала - вопрос.\n- Тогда не пью.\n- А если предложение?\n- Тогда пью.
Анекдот, - Мистер Буш! В Занзибаре нефть нашли!\n- Да? Так у них там того! Демократии нету. Надо делать.\n- Так и в Северной Корее тоже нету... демократии.\n- А у них там и нефти нету. Нахрена им демократия?
Анекдот, Признаться в старой ошибке иногда труднее, чем совершить новую.
Анекдот, В гимне Словакии даже есть строка "Да не Словения мы, а Словакия".
Анекдот, В тату-салоне царило необычное оживление - два мастера набивали друг другу морды.
Анекдот, В Одессе:\n- Рабинович, вчера в оперном театре я видел вашу супругу. Она так кашляла, что все на неё оглядывались. У неё что, хронический бронхит?\n- Нет, у Сарочки новое платье.
Анекдот, "Справедливая Россия" уточнила, что теперь она еще и "за правду". За что же она была многие годы до этого?
Анекдот, Девушка никак не могла догадаться, почему она стала столь популярной.\n- Может быть, из-за моих чудесных волос? - спросила она друга.\n- Нет!\n- Из-за моей стройной фигуры?\n- Нет!\n- Может быть, из-за моего характера?\n- Нет!\n- Тогда я сдаюсь!\n- Вот-вот, теперь ты попала в точку.
Анекдот, Добрый вечер, в эфире клуб политзнатоков “А что Титов? А где Титов? А когда Титов?”.\nВнимание, первый вопрос: ”А кто это Титов?”
Анекдот, Иногда кажется, что хорошие новости мне дают в долг.
Анекдот, - Так, а Сидоров может работать? Вернулся, наконец, из запоя?\n- Он говорит, что может работать прямо оттуда.
Анекдот, Она играла в любимую игру, и была уже на 179845 уровне, когда полетел\nWindows.\nДолгие годы жизни пошли псу под хвост.\nОна отомстит!\nСмотрите в новом сезоне! Ума Турман в фильме "Убить Билла-3"
Анекдот, В баре. У стойки сидит "готовый" мужик. Бармен ему говорит:\n- А вам не кажется, что вы выпили лишнее?..\n- Тьфу... н-да... мне кажется, что это лишнее...ик... я вам\nсейчас верну...ик...ха-а-а-а...
Анекдот, Для того чтобы все наперебой приглашали тебя на шашлыки, достаточно\nобъявить себя вегетарианцем.
Анекдот, - У меня жена, как пуля!\n- Такая же быстрая?\n- Нет, такая же дура.
Анекдот, - Пачку презервативов, пожалуйста.\n- А восемнадцать-то есть?\n- Хм... А меньших размеров нет?
Анекдот, Оказывается, никаких растрат в Роскосмосе не было. Ракета сама похитила выделенные на нее средства и скрылась с ними в Тихом океане.
Анекдот, Объявление. Отдам свою совесть в чистые руки, очень хочется выспаться!
Анекдот, выставка товаров народного злоупотребления
Анекдот, — Иегову знаешь?\n— Да.\n— Будешь свидетелем.
Анекдот, Старые крановщики знают, что на башенных кранах нет туалетов. Поэтому обходят они их очень далеко.
Анекдот, Это пятый президент США, с которым встречается Владимир Владимирович.\nПри такой текучке кадров мы диалог не наладим.
Анекдот, Посетитель ресторана подзывает официанта:\n- Любезный, а принеси-ка мне ещё один графин водки!\n- Может, не стоит? В графине, который на столе, ещё больше половины.\n- Неси, неси. Мучает меня предчувствие, что когда допью этот, то не смогу членораздельно заказать её один.
Анекдот, "С новым годом змеи!" - произнося такое поздравление в обществе нескольких женщин - главное не допустить паузу перед последним словом...
Анекдот, Немногие знают, что в цехе по производству клея "Момент" всегда царит\nрадужная и позитивная атмосфера.
Анекдот, Путин - президент Шредингера: одновременно уже не президент и ещё не\nпрезидент.
Анекдот, Как поинтересоваться у девушки о ее возрасте, но не обидеть ее?\nСпросить, сколько раз в своей жизни она видела фильм "Ирония судьбы,\nили с легким паром!"\nmarinchenko@yandex.ru
Анекдот, Кооперативу на постоянную работу требуется опытный бухгалтер\n(можно женщина), а также опытная женщина (можно бухгалтер).
Анекдот, - Ты смотрела "Секс в большом городе"?\n- Нет, я пробовала.
Анекдот, А вы тоже иногда замечали, насколько коварны страшные бабы? Они только и ждут, когда вы напьётесь, чтобы с вами проснуться.
Анекдот, Владельцы игры World of Tanks организовали чемпионат по своей игре. Главный приз - возможность целый год рулить настоящим танком - предоставляется военкоматом.
Анекдот, Я понял, что будущее уже наступило, когда мой пылесос заперся у меня в ванной.
Анекдот, - У вас кофе есть?\n- Растворимый.\n- Хороший?\n- Ну, не знаю. Люди берут, растворяют..
Анекдот, Устроился работать официантом в одну кафешку. В первый же день понял, что здесь не стоит питаться, когда повар попросил купить ему хот-дог на обед.
Анекдот, - Это безрассудство, - заметил опыт.\n- Попробуй, - шепнула мечта.\n- Девять лет колонии строгого режима, - сказали в суде.
Анекдот, У Сальвадора Дали стакан всегда наполовину слон.
Анекдот, Британская Шелл на выходе из России столкнулась с японской Тойотой, которая молча протискивалась обратно.
Анекдот, Когда Вовочку оставили на третий год в девятом классе, директор школы нанял себе охранника.
Анекдот, "В Москве пройдет неделя корейской культуры".\nВсе собаки Москвы резко напряглись.
Анекдот, В  Санкт-Петербурге на Дворцовой идут съёмки фильма к 100-летию революции. Прохожие и зеваки из-за спины оператора кричат обороняющим Зимний Дворец:\n- Ребята! Держитесь до последнего, мы вам поможем!
Анекдот, Первый  рекорд сочинской Олимпиады установлен россиянином Дмитрием Медведевым. Он уснул уже на четвёртой минуте церемонии открытия Игр
Анекдот, - В Японии вообще мода на грудь маленького размера.\n- Это не мода, это неурожай!
Анекдот, - Алло, это поликлинника?\n- Да.\n- Вы алкоголизм лечите?\n- Да.\n- А сколько стоит?\n- 3000 рублей.\n- Сколько?!! Вы что?!! Это же 20 бутылок!!!
Анекдот, У главного санитарного врача РФ Геннадия Онищенко закончился срок годности.
Анекдот, Через десять минут после того, как в грузинском тоннеле загорелся трейлер с 30 тоннами армянского коньяка, на место происшествия прибыли бригады спасателей из Подмосковья.\n© konde13
Анекдот, Американцы и европейцы практически лишены возможности отдыхать на курортах Краснодарского края.\nНе позавидуешь лишенцам!
Анекдот, Дзюдо отличается от политики тем, что чемпион, купивший победу,\nрано или поздно огребает пи$дюлей на улице.
Анекдот, - Доктор, я буду жить или умру?!\n- Конечно!\n- Что "конечно"?!\n- Будете жить или умрёте!
Анекдот, - Нет! - согласилась она.
Анекдот, Московские власти заплатят за разгон облаков на Пасху 86 млн рублей. Не понимаю, почему патриарх Кирилл просто не помолится об этом?
Анекдот, После проведённых тестов среди выпускников института Управления Народным Хозяйством, выяснилось, что средний IQ у них чуть ниже семидесяти. Очень сильно за них переживаю, как они с таким интеллектом вообще воровать собираются?
Анекдот, Зато в Украине можно курить в балконе.
Анекдот, Всё! Пора худеть! Иду такая с работы, краем глаза вижу - кто-то рядом...\nАн нет!.. Это мои щёки!
Анекдот, — Кстати, что ты делаешь сегодня вечером?\n— Не сую нос в чужие дела. А ты?
Анекдот, Скромная девушка - как товар без рекламы, большинству покупателей неизвестна.
Анекдот, Помогать помогающим? Да лучше мешать мешающим.
Анекдот, В КНДР за сон расстреляли министра обороны.\n- Хорошо, что мы живем не в КНДР, - подумал Медведев, прочитав эту ужасную новость.
Анекдот, - А когда ты первый раз меня увидел, о чём ты подумал?\n- Мальчика назовём Саша, а девочку - Катя...
Анекдот, На собеседовании.\n- Скажите, какие лидерские качества у вас имеются?\n- На любой гулянке, после произнесённого тоста, я всегда первым опрокидываю рюмку.
Анекдот, - Не уходи! - умоляла она, в отчаянии ломая руки.\nНо он так и ушёл... со сломанными руками.
Анекдот, Ознакомившись с формулировкой последнего приказа в трудовой книжке\nЛужкова, Елена Батурина отказала ему в приёме на работу.
Анекдот, Если нефть подорожает еще больше, то ездить здесь будут только "майбахи"\nи танки.
Анекдот, - Да-а, перевелись на Руси настоящие рыцари.\n- Давно, последних разбил на Чудском озере еще Александр Невский.
Анекдот, - Милая, мы купим взбитые сливки - и ты вымажешь ими те места, которые хочешь, чтобы я облизал...\n- Да? И пол можно?!..
Анекдот, Из-за преступной халатности работников Эрмитажа картина Казимира\nМалевича «Черный квадрат» два месяца провисела вверх ногами.
Анекдот, Швейцария на то и существует, чтоб подчеркнуть масштабность\nТюменской области.
Анекдот, Разговор двух монахов:\n- Идем мы с братьями по пустыне. Жараааа! И.. вдруг невдалеке\nпоказалось 15 голых женщин....\n- И что?!?!?!\n- Я же говорю: ПО-КА-ЗА-ЛОСЬ!!!!!
Анекдот, Ничто так не ухудшает жизнь, как меры правительства по её улучшению.
Анекдот, Госдума так и не смогла полностью опубликовать закон о штрафах за нецензурную брань в СМИ, т.к. принятый официальный список нецензурных слов сам попал под действие этого закона.
Анекдот, Откуда у гаишника свой автомобиль? Насвистел.
Анекдот, У врача.\n- Разденьтесь по пояс.\n- Сверху или снизу?\n- И сверху, и снизу!
Анекдот, Альтернативный чемпионат мира по футболу пройдет в Лужниках, в финале сыграют сборные России и Белоруссии.
Анекдот, Нет, вы как хотите, но спутать кабана с лосем - это как спутать Рашкина  с Валуевым.
Анекдот, Три куртки замшевых, три магнитофона, три портсигара отечественных, контейнеры с банками с красной икрой. и это все он...кот-грабитель )))
Анекдот, - Мендель, твой пес подпускает близко людей?\n- Конечно! Как же он иначе укусит?
Анекдот, Пуговицы у мужчин справа, что бы мужикам было удобно залезать рукой.\nУ женщин слева, причина - та же.
Анекдот, - Наташа, почему у тебя нет детей?\n- У моего кота аллергия!
Анекдот, Кто не понимает юмора, то лишён значительно большего, чем чувство юмора.
Анекдот, В новостях сказали, что послание Путина к федеральному Собранию стало поворотным событием. Видимо повороты эти в одну и ту же сторону, раз 15 лет мы движемся по кругу.
Анекдот, - Давай поиграем в игру?\n- Давай, а какие правила?\n- Я закрываю глаза ладошками, а ты прячешься и больше никогда не появляешься в моей жизни.
Анекдот, Получать удовольствие лучше всего немедленно, но НЕ БЫСТРО.
Анекдот, - Ты за фигурой следишь?\n- Хожу в тринажор.\n- На трЕ-на-жЁр!\n- Нет, в три часа ночи встаю и иду к холодильнику.
Анекдот, Вы поняли, что повзрослели, когда перестали просить у родителей денег и начали брать у них в долг...
Анекдот, - Рабинович, не могли бы вы придумать оригинальный маркетинговый предпраздничный новогодний ход?\n- Элементарно. На незапряженных санях сидит Дед Мороз и торгует свежей оленятиной.
Анекдот, Если вам скучно, встаньте у входа в вендиспансер и укоризненно качайте головой...
Анекдот, Конфликт в семье питонов. Не имея под рукой ремня, питон-отец выпорол\nсына тёщей.
Анекдот, Боролся с лишним весом не щадя живота своего.
Анекдот, Экзамен в зооинституте. Студент с бодуна ничего не может\nвспомнить, профессор изо всех сил пытается вытянуть его на ``3``...\n- Ладно, последний, очень простой вопрос. Сколько у коровы сисек?\nСтудент морщит лоб.\n- Не помню... У доярки - точно две.
Анекдот, В Госдуме предложили провести бюджет РФ  на 2020 год по статье «пиломатериалы».
Анекдот, Половина людей - дуры.
Анекдот, Вопрос: зачем артисты на концертах кричат публике "выше руки, мы не видим ваших ручек"?\nОтвет: они в доле с карманниками.
Анекдот, - Ой, а чем это от тебя так пахнет? Ландыши?\n- Нет. Это жимолость.\n- Жимолость? а что это такое?\n- Ну... это что-то типа выхухоли, только растение.
Анекдот, Суд признал Улюкаева виновным в том, что Сечин хочет кушать.
Анекдот, Тут в одной школе сочинение задали написать на тему: "Если б я на один день стал президентом России". А я вот думаю, больные они там, что ли? Кто это в России становится президентом на один день?
Анекдот, 2002\n- Вовочка, тебе уже шесть лет, и я должен рассказать, откуда берутся дети.\n- Ну вот... В три года я узнал, что у нас не живет домовой, в четыре - что не бывает Бабы-Яги, в пять - что Деда Мароза не существует. Если сейчас окажется, что взрослые не @6%тся, то во что остается верить?!
Анекдот, Вот интересно. Феминитив - слово мужского рода. А существует феминитив у "феминитива"?
Анекдот, С десятого по пятнадцатое число каждого месяца моя девушка становится очень обаятельной, неотразимой в постели и во всём со мной соглашается, не ну а что вы хотите, 16 числа у неё очередной платёж по ипотеке.
Анекдот, Гаишник тормозит машину. За рулем блондинка. Гаишник заподозрив что она\nпод "шафе" дает ей дунуть в трубочку. Цвет трубочки изменился.\nБлондинка: Боже, я беременна!?!?!
Анекдот, А вы уже решили, на чьей вы стороне - среди тех кому жарко или тех кому дует в маршрутках?
Анекдот, В трамвае кондуктор говорит пассажирке:\n- Купите билет и для вашего ребёнка. Ему больше шести лет.\n- Это неверно - я замужем всего три года.\n- Мадам, я только кондуктор и не судья вашим грехам.
Анекдот, Звонит браток в компютерный магазин:\n- Але, козлы, чe вы мне за комп продали!? Не работает!\n- А вы кнопку "power" на нем нажали?\n- Да я ее два раза нажал, все равно не работает!
Анекдот, Во время сегодняшней прогулки мой синяк под глазом набрал более 2000\nпросмотров...
Анекдот, Проверка порядка в казарме. Командир, открывая очередную тумбочку:\n- Почему гантели в тумбочке! Мышей развести хотите?
Анекдот, Сделка с собственной совестью обычно заключается в её отсутствие.
Анекдот, Журналист спрашивает одного из политиков:\n- Насколько Украине выгодно вступление в НАТО?\n- Плыть вместе с крокодилом вы можете только в его животе.
Анекдот, - Ватсон, вы гей?\n- Да, Холмс. А как вы догадались? Опять наверное метод дедукции?\n- Да нет, просто спросил.
Анекдот, Россия присоединяется к требованию прибалтов о компенсации 50-ти лет\nоккупации Советским Союзом, так как сама была оккупирована все тем же\nСоветским Союзом 70 лет.\nОсталось найти ответчика и мы все разбогатеем...
Анекдот, 1980: Будущее будет прекрасно\n1990: Будущее будет прекрасно\n2019: Прошлое было прекрасно
Анекдот, Жизнь у человека как классическая музыка - создано столько прекрасных произведений, а тебе по радио постоянно какую-то хуйню крутят.
Анекдот, Если вам когда-нибудь покажется, что вы бесполезны, просто вспомните о миссии ОБСЕ на Донбассе.
Анекдот, - Алло! Добрый день, это мэрия? Вы не подскажете, с какого числа в Москве начинается замена летних бордюров на зимние?
Анекдот, - Ты что, боишься женщин?!\n- Знаешь, pодившись и обнаpужив себя в одной постели с женщиной,\nя был так потpясен, что целый год не мог pазговаpивать.
Анекдот, У пожилого мужа молодая жена - как импортный сотовый телефон: такая же маленькая, модная и необходимая. И когда у мужа вдруг заканчиваются деньги, она с ним больше не разговаривает.
Анекдот, - Россиянин, а вы уже накопили 1.000.000 долларов?\n- ДА!\n- ПОЗДРАВЛЯЮ!!! Вы стали участником программы "Доступное жилье"!!!
Анекдот, В чат "Знакомства" заходит новый пользователь.\nНП: - Я это бля... Хочу познакомится с высокой, длинноногой, симпотной\nчикой!\nАдмин: - Рекомендую Вам Оксану Федорову!\nНП: - Ух ты.. А чего?\nАдмин: - А она со свиньями хорошо общаться умеет!
Анекдот, Если мужчина с женщиной дружат, значит, у них всё впереди! Или позади...
Анекдот, Многие думают, что если жена не в настроении, значит, у неё проблемы.\nНа самом деле, если ваша жена не в настроении, то проблемы непременно появятся у вас.
Анекдот, - Скажи мне, Колян, кого ты читаешь, а я скажу тебе, кто ты.\n- Ну, я читаю Толстого, Пушкина, Лермонтова...\n- Балабол ты, Коля, балабол...
Анекдот, Путину - 61 год. На Украину въезжать уже можно...
Анекдот, Если мужик постоянно сравнивает тебя со своей бывшей, то будь как она, брось его.
Анекдот, Люблю российские гостиницы. Всегда можно узнать, который час в Лондоне и Нью-Йорке, когда приходишь на ресепшн за кипятильником.
Анекдот, Утром жена говорит мужу:\n- Вася, ты сегодня ночью во сне разговаривал и оч-ч-ч-чень оскорбительно отзывался о моей маме.\n- Люся, да я сегодня ночью вообще не спал!
Анекдот, Никогда! Запомните, никогда не садитесь срать на роликах!
Анекдот, - Алло! Здравствуйте! Подскажите, вот каталог "Чёрная пятница" на сайте вашей сети смотрю. Котлеты 150 рублей! Да я их вчера по 100 покупал! Какая же это чёрная пятница, а?\n- Для вас чёрная.
Анекдот, Если отдавать ужин врагу ежедневно, получишь нахлебника и паразита.
Анекдот, Cтарение неизбежно. Взросление выборочно.
Анекдот, Америка, звонок в службу спасения. Взволнованная девушка шепотом говорит:\n- Здравствуйте. Я только что вошла в свой дом, а тут двое воров.\n- Здравствуйте. Успокойтесь. Всё хорошо. Давайте по порядку. Убедитесь, что это ваш дом.
Анекдот, - У нас 17 триллионов рублей в кубышке и валютные запасы 500 миллиардов! Почему не дать часть этих денег людям, чтобы им было что покушать в изоляции?\n- Эти деньги на черный день!\n- Ну так вот, у нас уже чернее некуда!!!\n- Это на НАШ черный день, а не на ваш...
Анекдот, Все ждали, что в 21 веке самым грозным оружием станет световой меч, а им оказался компактный аннигилятор действительности - изобретенный еще в 20 веке пульт ТВ.
Анекдот, Досмотрел игру в кальмара. Ещё в первой серии угадал главный сюжетный поворот, ну, про то, что Милонов потребует запретить сериал.
Анекдот, Получишь, бывало, зарплату вовремя, а через неделю думаешь: лучше бы её\nна семь дней задержали...
Анекдот, На борьбу с коррупцией выделено 100 миллиардов рублей. Коррупционеры уже\nпросят прибавить.
Анекдот, - Всё! Завтра кардинально меняю свою жизнь!!!\n- Уляжешься на телевизор и станешь смотреть на диван?
Анекдот, - Я погляжу, рядовой Петренко, из вас в институте совсем идиота сделали!\nЭто ж надо догадаться - унитаз в перчатках мыть!
Анекдот, Идут две женщины иеговистки по парку со своими брошюрками. Подходят к\nкомпании байкеров-металлистов и такие говорят:\n- Верите ли вы, что наша планета скоро погибнет?\nНа что получают ответ:\n- А вы с какой планеты?
Анекдот, На нынешнем чемпионате Европы по футболу как обычно достойно играет сборная Африки.
Анекдот, Шекспир узнал, что жена ему изменяет. Будучи парнем простым и без\nкомплексов, просто спросил её, правда ли это. На что она ему ответила:\n- Ой, вот только не надо делать из этого трагедию!
Анекдот, После драки на свадьбе я понял - шампанское сильнее всего ударяет в голову, когда оно в бутылке.
Анекдот, Чем отличается бл@ть от светской львицы ?\nПо сути ни чем. Это просто дань политкоректности.
Анекдот, Есть у нас препод молодой, так его жена из дома выгнала. Надо же было\nему додуматься, после секса с ней ляпнуть: "Давай зачетку"...
Анекдот, Как установили британские ученые, женщины в журналах предпочитают статьи по психологии, а мужчины по физике. Это потому, что женщины недовольны собой, а мужчины собой довольны, но их не устраивает вселенная.
Анекдот, Генерал Мороз победил немцев зимой 1941-1942г. г. и коммунальные службы\nСанкт-Петербурга зимой 2009-2010г. г. Значит может различать даже\nглубоко законспирированного врага!
Анекдот, Свадьбой закончилась драка в подъезде Ларисы Гузеевой.
Анекдот, Совещание по коронавирусу в Германии: Нужны дополнительные койкоместа, запас средств индивидуальной защиты, тесты, аппараты искусственной вентиляции легких, кислород.\nСовещание в России: Надо вписать в конституцию Бога.
Анекдот, Глупо искать в темной комнате черную кошку, особенно если её там нет.\nНо еще более глупо искать в темной комнате черную кобру, особенно если она там есть.
Анекдот, Из разговора замужней дочери с женой:\n- А я иногда мужа о чем-нибудь спрошу, он такой подумает... а потом РАЗ и выдает правильный ответ!\n- А откуда ты знаешь правильный ответ на свой вопрос?
Анекдот, В каждой жене живет следователь.
Анекдот, На ранней стадии брака супружеский долг исполняется, позже - приводится в\nисполнение.
Анекдот, - Слушай! Ты мне своими намеками уже все трусы порвал!
Анекдот, Счастье ищи сердцем, истину головой, а приключения жопой.\nНо главное - не теряй баланс.
Анекдот, Жена мужа пилит:\n- Ты уже перестал за мной даже ухаживать!\n- А я не заигрываю с замужними!
Анекдот, - Говорят, Гайдар в 16 лет полком командовал!\n- А Чубайс, наверное, в его годы лампочки в подъездах выкручивал...\n© by aka -
Анекдот, Мы с мужем очень близки и стараемся все делать вместе. Да мы иногда даже трахаемся вместе!
Анекдот, Встречаются две подруги. Одна интересуется:\n- А ты чего, своего Ваську бросила?\n- Да ну его! Он как хреновый мобильник!\n- Как это?!\n- То разряжен, то денег нет!
Анекдот, Страшно, что пена для бритья закончится. Мне её всегда дарят, и я без понятия, сколько она стоит. Вдруг придётся продать машину?
Анекдот, Цели есть у всех, не у всех есть средства прицеливания.
Анекдот, Водопроводчик плачущей хозяйке на затопленной кухне:\n- Не плачьте, голубушка, этим вы только ухудшаете положение.
Анекдот, Наследники яростно делили в суде постигшее их горе…
Анекдот, Статистик утонул, переходя реку, средняя глубина которой составляла лишь один метр.
Анекдот, И в третий раз вытащил старик убранный на лето зимний пуховик...
Анекдот, - Где лучше всего встретить старость?\n- В своём уме!
Анекдот, Информация для любителей кроссвордов:\n- Часть суши, окруженная со всех сторон водой - ОСТРОВ.\n- Часть суши, окруженная со всех сторон врагами - РОССИЯ.
Анекдот, Мало того, что сосед вчера до 4-х утра праздновал свой день рождения..\nДык сегодня сранья выяснилось, что какой-то пидарас подарил ему дрель...
Анекдот, Почему в Северной Корее нет интернета? Чтобы население не узнало, что рис - это только гарнир.
Анекдот, — Саня, скажи тост.\n— Я не умею.\n— Ну скажи.\n— Да не умею я.\n— Ну скажи тост, че там уметь.\n— Хорошо. (поднимая рюмку). Вы все козлы и пидарасы.\n— Саня, ты что охуел?\n— Ну я же говорил, не умею я.
Анекдот, Отдел «К» ФСБ России поддержал на выборах Хиллари Клинтон, из-за нежелания заново подбирать пароли к электронной почте нового президента США.
Анекдот, Всё, что нельзя делать по этическим соображениям,  делают по этническим.
Анекдот, В своей сумочке я могу найти всё, что душа пожелает.\nИ жратву, и тарелки, и единорога, и перо из жопы полярной совы.\nНо только не свой мобильник, когда он звонит!..
Анекдот, Хоцца, знаете ли, чё-нить натурального. Ну, там колбасы без сои, сыра и мороженого без пальмового масла, вкусняшек без консервантов, сока из фруктов, фильмов без Ходченковой и Петрова, патриотизма без «Единой России», секса на почве любви. Но, блин, где же это взять…
Анекдот, Звонит телефон. Жена подходит, чтобы поднять трубку, и муж ей быстро\nговорит:\n- Скажи, что меня дома нет.\nЖена берет трубку:\n- Да. Нет. Нет, муж дома...\nМуж:\n- Ну я ж тебя просил...\nЖена:\n- Да это не тебя...
Анекдот, Депутат Пупкин публикует в сети краткие версии своих законопроектов, и регулярно получает 10 у. е. за лучший анекдот недели.
Анекдот, Работа - это то, что в прошлом делали рабы, в будущем будут делать роботы, а в настоящем делаем мы.
Анекдот, - Слушай, советом можешь помочь?\n- Извини, нет. Вчера два последних отдал.
Анекдот, Пока в наших руках смартфоны, наш мозг в чьих-то других руках.
Анекдот, - Сегодня угощаю я. Что ты предпочитаешь - коньяк или кофе?\n- Коньяк, пока сварится кофе.
Анекдот, Что должен уметь каждый мужчина:\n1) Не молчать, если приготовлено вкусно;\n2) Молча жрать, если не вкусно...
Анекдот, Не верю всем этим экстрасенсам, колдунам и предсказателям. Поэтому все обряды провожу сам.
Анекдот, По данным Росстата на вызов по телефону быстрее всего приезжает доставка пиццы, затем проститутки, а уж потом милиция и скорая помощь с пожарными. МЧС рекомендует в случае внештатной ситуации сначала заказать пиццу и проституток, чтобы вместе бороться с угрозой до приезда уполномоченных служб.
Анекдот, Шаг 1. Создаём партию власти.\nШаг 2. В неё набиваются всякие жулики и воры.\nШаг 3. Запрещаем партию власти, всех её членов на люстрацию.\nПовторять каждые тридцать лет.
Анекдот, Хотела пошутить, что сижу по вечерам дома, потому что это бесплатно, но за квартиру тоже надо платить...
Анекдот, От стола надо отходить с лёгким чувством голода и слабым желанием выпить.
Анекдот, Несмотря на все трудности уходящего года, правительство уверено, что жить можно ещё хуже.
Анекдот, Не родись красивой, а родись одна на всю деревню.
Анекдот, - А как будет чи-хуа-хуа во множественном числе?\n- До-хуа-хуа.
Анекдот, По крайней мере в одном женщины и мужчины сходятся: и те и другие\nне доверяют женщинам.\nwww.winchat.kiev.ua, канал "Анекдотландия"
Анекдот, Коварный план крупнейших европейских стран Англии, Франции, Германии заключается в том, чтобы  заманить в ЕС восточноевропейские страны, а потом оттуда свалить,  оставив тех разбираться с экономическими проблемами и мигрантами.
Анекдот, Близкие отношения нужны только по той причине, что некоторые части тела не удается намазать фастум-гелем самостоятельно.
Анекдот, - Сколько молока дает ваша корова?\n- 20 литров в день.\n- И что вы с молоком делаете?\n- 10 литров оставляем себе, а остальные 15 продаем...
Анекдот, Выходя из себя, запоминай обратный путь.
Анекдот, По мнению властьимущих, - у нас в стране уже давно нет бедности, но только почему-то 90 процентов граждан этого упорно не желают замечать!
Анекдот, Счастье – это когда утром с удовольствием идешь на работу, а вечером с\nудовольствием возвращаешься домой. Когда на работе тебя ждет квартальная\nпремия и халявный Интернет, а дома – футбол, пиво из холодильника и теща\nс больным зубом.
Анекдот, Менеджера по продажам спрашивают, почему он увольняется с места работы.\nОн отвечает: "А что там делать, я там все уже продал".
Анекдот, Разговор в кадровом агенстве при президенте - обсуждение новой кандидатуры на ответственную должность.\n- Он же дурак.\n- Ну да, но он с самим учился.
Анекдот, К концу рабочего дня понимаешь: Интернет такой ОГРОМНЫЙ.........\n.... а смотреть больше нечего
Анекдот, Самые полезные домашние животные - это рыбки. Не лают, не кусаются, блох\nне приносят, во сне не храпят и на закусь идут с улыбкой.
Анекдот, Молодая женщина приходит в кондитерскую и говорит:\n- Нет ли у вас торта, который немного подгорел с одной стороны? Я хочу, чтобы муж подумал, будто я испекла его сама.
Анекдот, Наши бабушки и дедушки боролись, чтобы их внуки жили лучше. И мы будем бороться за это же. И наши внуки тоже.
Анекдот, Если вам скучно на работе, сложите в уме вашу зарплату за последний год. Вот теперь вам не только скучно, но и грустно.
Анекдот, - Пап, а сказка "Репка" для бедных на голову?\n- В смысле?\n- Репу проще же было выкопать, чем за ботву тащить?
Анекдот, Людмила обычно не спит с парнями на первом свидании, но на этот раз не выдержала и уснула.
Анекдот, Трудно выбирать подарок человеку на 75 лет - у него либо уже всё есть,\nлибо уже ничего не надо.
Анекдот, Шёл пятый день самого жаркого лета. Пора доставать тулуп.
Анекдот, Политкорректное название левшей - "люди с нетрадиционной ориентацией рук".
Анекдот, Выборы в США показали, что для полного счастья россиянам не хватает сущей малости - хорошего президента в США.
Анекдот, Отец по вызову. Строгий, внимательный мужчина приедет к директору школы\nи выслушает жалобу на клиента.
Анекдот, Из сообщений "Дорожного патруля". Вчера вечером был ограблен склад\nвинного магазина. По предварительным данным пропала треть хранившейся\nпродукции. Следственная бригада работала всю ночь, и к утру данные были\nуточнены: треть - это та часть, что осталась. Следствие продолжается.
Анекдот, А можно Мишустина будут лечить Малышева и Мясников?
Анекдот, Самый ожидаемый фильм 2012 года: "Путин. Спасибо, что ушел."
Анекдот, На самом деле, бесконечно можно смотреть на любое количество вещей.\nГлавное, лежать при этом на диване.
Анекдот, - Мы все исправим... дайте только срок...\n- Обязательно дадим...
Анекдот, - Меня укусила ваша пчела, - жалуется дачник соседу, пчеловоду-любителю.\n- Покажите, какая именно, и я её накажу как следует!
Анекдот, - Принцесса моя, может, я к тебе заскочу сегодня?\n- У меня дракон в башне.\n- Чего?\n- Мама дома, б***ь...
Анекдот, Три стадии реализации наших национальных проектов:\n1. Конь не валялся.\n2. Конь ржал.\n3. Коня пристрелили.
Анекдот, Приходит Примаков к Ельцину и докладывает:\n- Борис Николаевич, у меня две новости, с какой начинать?\n- Ну, начни с хорошей.\n- Они обе плохие.
Анекдот, Чудо-диета - жрём всё подряд и надеемся на чудо.
Анекдот, Не стоит говорить, что только белые расисты. Расизм существует у всех рас. Белые просто лучшие в этом, как и во многом другом.
Анекдот, - Дорогой, у тебя ко мне осталось хоть какое-то чувство?\n- Конечно, дорогая, чувство юмора.
Анекдот, - У моей бабули до сих пор лежит Евангелие 1804 года издания.\n- Ух ты! Hебось, еще на 5-ти дюймовых дискетах?
Анекдот, Одесский дворик.\n- Ты знаешь, Сара, самыми лучшими моментами в своей жизни я обязана\nфутболу.\n- Циля, неужели ты ходишь на стадион болеть за "Черноморец"?\n- Нет, туда ходит мой муж, а я в это время хожу к нашему соседу Сёме...
Анекдот, Здравствуй, Иван Царевич, мы получили твою стрелу. К сожалению, сейчас все лягушки заняты, но твоя стрела очень важна для нас. Оставайся на линии...
Анекдот, Депрессия - это когда рано утром, вставая на работу, ты уговариваешь пойти вместо себя своего кота.
Анекдот, Когда в конце марте Греф говорил, что деньги надо держать в рублях - это звучало как изощренное издевательство.\nЧерт возьми, Герман Оскарович!  Вы хоть подмигивайте чтобы мы понимали, когда Вы шутите, а когда нет.
Анекдот, - Что самое красивое в женщине?\n- Губы.\n- А что именно: цвет губ, их величина?..\n- Главное, чтобы они были закрыты.
Анекдот, Одна блондинка жалyется дpyгой:\n- Пpедставляешь, я yзнала, что мой мyж мне изменяет! Как ты дyмаешь,\nсказать емy об этом?\n- Зачем? Емy навеpняка и так известно.
Анекдот, Наши бабушки закручивают нам овощи на зиму, вяжут одежду. А вы что сможете дать своим внукам? Фотки обработаете? Плейлист зимний замутите?
Анекдот, Зашел в магазин в пятницу. Народ скупает продукты, бухло и едет куда-то за город. Не знаю, что происходит, но, кажется, началось...
Анекдот, Профессиональный пловец Сидоров, увидев тонущую девушку, доплыл до бедняги за 30 секунд, но по привычке оттолкнулся от неё ногами и поплыл обратно.
Анекдот, Во всем виновата Америка: это она не успевает печатать доллары всем желающим.
Анекдот, Приходит мужик домой, а жена встречает его у двери\nс плакатом: "Я с тобой не разговариваю 24 часа".\nНу, увидел это дело и пошел смотреть телевизор.\nЧерез несколько минут жена, закрывая собой телевизор,\nпоказывает мужу плакат: "А ты знаешь, почему?"
Анекдот, Укуcилa змeя. Еcли это уж, то будет, что вспомнить.
Анекдот, Общеизвестно, что женщины, которые ходят в обуви на высоких каблуках, чаще испытывают оргазм!\nНа 0,5% при сексе, на 0.3% при мастурбации и на 98.5% когда снимают обувь.
Анекдот, Впечатления американца от путешествия по российской глубинке: "Меня встретили до того бедные люди, что перстни у них были нарисованы ручкой на пальцах."
Анекдот, Эфиопские пловцы приезжают на олимпиаду попить воды.
Анекдот, А у нас в Ялте, вообще, снег редко идет. Наверное поэтому и асфальт новый никто не торопится уладывать...
Анекдот, Когда на встрече выпускников обсуждают достижения в карьере, работник АЗС рассказывает, что на работе он всем заправляет.
Анекдот, Самый характерный пример победы формы над содержанием - портреты Че Гевары на витринах отделов по продаже дорогих сигар.
Анекдот, Когда захожу в одноклассники, понимаю что мои бывшие одноклассники - это специальный отряд быстрого деградирования.
Анекдот, Когда кошка трётся о ваши ноги, не льстите себе — точно такие же отношения у неё с мусорным ведром.
Анекдот, Если курица летит на юг - значит пинок прилетел с севера.
Анекдот, Девушка - своему парню:\n- И что бы ты без меня делал?!\n- Да то же, что и с тобой, только с другой.
Анекдот, Путин знает несколько языков. Самый шершавый, по его мнению, у Пескова.
Анекдот, Армянское радио:\n— Что общего между сперматозоидами и трейдерами?\n— И тех и других приходят на работу миллионы, и лишь единицам удается выжить и приумножиться.
Анекдот, Стоит только завести одну кошку, и остановиться уже не получится.\n© Эрнест Хемингуэй
Анекдот, В связи с выходом закона о запрете мата, представьте картину: идёт человек, спотыкается о камень и падает.\n- Женщина лёгкого поведения! Совокупляющийся камень!!!
Анекдот, В кинотеатре билетёрша говорит опоздавшему зрителю:\n- Фильм идёт уже двадцать минут. Пройдите как можно тише в свой ряд.\n- А почему тише? Все спят, что ли?
Анекдот, Жена сказала, что ей надоело, что я постоянно и во всем с ней соглашаюсь. И она права.
Анекдот, Шмель - биологический парадокс. После исследования его аэродинамических качеств в отношении к массе тела британские учёные пришли к выводу, что он летать не может и не должен. А он летает...
Анекдот, Краткая характеристика:\nНа его поминках все молчали.
Анекдот, - Слышь, Вась, че это синяки нахохлились?\n- Это не синяки нахохлились, а хохлы насинячились!
Анекдот, У меня нет кредитов. Поэтому для меня слово "коллектор"- это просто большая труба с говном.
Анекдот, Когда я занимаюсь с женщинами, они стонут, кричат, извиваются.. иногда\nнемного плачут.\nЯ стоматолог.
Анекдот, В трамвае девушка шепчет парню:\n- Не ворчи, а то подумают, что мы муж и жена.
Анекдот, Новый год, молодость... Ты уже понимаешь, что Дед Мороз не придёт, но на\nто, что явится Снегурочка, ещё надеешься...
Анекдот, Еврейский мальчик прибегает домой:\n- Мама, мама, я нашел котенка! Давай назовем его Изей.\n- Ну что ты! Изя - это же человеческое имя. Назови\nлучше Васькой...
Анекдот, - Моня, мне кажется, или журналистика умерла?\n- Яша, я тебе больше скажу: если судить, как воняет, то это произошло уже давно.
Анекдот, Первый человек погиб в России от коронавируса! В гараже на него упал 200-кг стеллаж с гречкой, макаронами и тушенкой, которыми он запасся.
Анекдот, фильм "Гарри Поттер", фильм первый - "Гарри Поттер съел философский\nкамень". Продолжение: фильм второй - "Гарри Поттер не выходит из тайной\nкомнаты".
Анекдот, - У вас маска одноразовая или многоразовая?\n- Одноразовая, но многоразового использования.
Анекдот, Известный биатлонист Уле Эйнар Бьйорндален, сообщив о скором рождении ребенка у Домрачевой, в очередной раз подтвердил свою высокую эффективность на лежке.
Анекдот, - Вот на этом фото мне пять лет.\n- Извините, но в этом возрасте у вас уже была лысина?\n- Нет, вы держите фотографию вверх ногами!!!
Анекдот, Услышав стихи "Горилла идет, крокодила ведет...", Лужков и Батурина\nподали на наследников Чуковского в суд иск о защите чести и достоинства.
Анекдот, Либералы ноют, что народ не тот.\nПатриоты ноют, что либералы не те.\nА народ не ноет.\nНароду плевать на либералов и патриотов.\nЕму не ныть, ему жить надо.
Анекдот, Если Вас подрезал другой автомобиль, то глупая жена спросит, зачем Вы\nкричите, умная промолчит, а любовница будет кричать вместе с Вами!
Анекдот, Истинно вам говорю: тот, кто придумает систему, при которой автомобиль будет отряхиваться как собака перед заездом в гараж, обессмертит имя свое в веках!
Анекдот, Тамара прекрасно играла в карты на деньги, но абсолютно была беспомощна, когда игра шла на раздевание.
Анекдот, - Пойдемте к Гудвину! Он даст мне умные мозги!\n- А мне - доброе сердце.\n- А мне?!\n- А ты будешь донором...
Анекдот, Сегодня муж с утра нежно обнял, прижал к себе, положил голову мне на грудь, ласково посмотрел в глаза и с улыбкой сказал:\n- Сисястье ты моё.
Анекдот, Народная примета: если котелок варит, голодным не останешься.
Анекдот, Чтобы плохо зарабатывать, надо хорошо учиться!
Анекдот, - Соломон Маркович, а как у вас, стесняюсь спросить, с Цилей?\n- Мы расстались...\n- А шо такое?\n- Таки я думал, шо моя Циля - любимая... Посчитал расходы, а она - дорогая!
Анекдот, Почему-то с наступлением кризиса у народа все чаще появляется желание\nподдержать ликероводочную промышленность.
Анекдот, Заметьте.\nМы уже деградировали до уровня, на котором после спора кого-то с Путиным все всерьёз обсуждают - посадят теперь этого кого-то или всё же нет.
Анекдот, Кержаков после матча в раздевалке пнул от досады урну... промахнулся...
Анекдот, Студент сдает экзамен по физике. Сдает очень плохо. Профессор пытается\nего вытянуть, спрашивает:\n- Ну скажите хотя бы при какой температуре кипит вода?\n- Профессор, я не знаю, при какой температуре она кипит, но я знаю, что\nпри 40 градусах она превращается в водку!
Анекдот, Единственное, что я понимаю в арбузах – это если я по арбузу постучал, а из него постучали в ответ, то это однозначно плохой арбуз.
Анекдот, Начальник станции подходит к пассажиру, одиноко стоящему на перроне,\nи говорит ему:\n- Вы напрасно теряете время: волоколамская электричка, проходящая\nв 8.40, больше не останавливается на этой станции.\n- Как? Изменилось расписание?\n- Нет, просто я одолжил машинисту 50 баксов.
Анекдот, - Мама, можно я пойду поиграю в нашем новом детском городке?\n- Нет, сынок, не успеешь, сейчас его осмотрит наш Президент, и его разберут и перевезут в другой город.
Анекдот, Человек приходит в этот мир - ему на руку надевают бирочку.\nУходит в мир иной - ему надевают другую бирочку.\nВнимание! Если номерки на ваших бирочках совпали - музыка бесплатно!
Анекдот, Комментируя события в Афганистане, Виктор Фёдорович Янукович назвал бывшего президента Афганистана трусом и подонкам.
Анекдот, Мужчины вообще очень застенчивы по своей природе...\nНапример, когда они ссут на улице, они всегда отворачиваются к стене.
Анекдот, Курс доллара превысил отметку: ЧЕГО БЛДЬ??!, и подходит к отметке: ТА НУ НАХ!!!
Анекдот, - Моя кошка научилась мне мстить! Когда она зевает, я засовываю ей в рот\nпалец. А когда я зеваю - эта стерва засовывает мне в рот всю морду!
Анекдот, Самое главное в окрошке, достав её из холодильника, - не разогреть ее в микроволновке по привычке!
Анекдот, - Муж мне говорит, что эта шляпа меня на 10 лет моложе делает.\n- А вам сколько лет?\n- 35.\n- Нет, я имею в виду, без шляпы?
Анекдот, Муж: - Ты не поверишь, у нас во дворе слон запутался в паутине!\nЖена: - Перестань насмехаться над моей мамой! Пусть отдохнёт в гамаке, подремает...
Анекдот, Кофе на работе - это напиток, который пьют, когда хотят есть.
Анекдот, Пенсия в прошлом месяце Вам не начислена, так как мы получили сведения о Вашей смерти.\nК сожалению, это было ошибкой.
Анекдот, Проснулся ночью от того, что моя положила руку на член, пошевелила его и начала "клацать", как мышкой!\n"Наверное в друзья добавляет" - подумал я.
Анекдот, При виде запотевшего стекла в каждом из нас просыпается художник.
Анекдот, - Папа, а правда, что меня в капусте нашли?\n- Правда! А вчера - за гаражами. А позавчера - на остановке. Хватит водку жрать, сынок!
Анекдот, На "прямой линии" Собянина спросили:\n- Ваша любимая песня про оленей?\n- "Дорогие мои москвичи"!
Анекдот, Когда я была маленькой, ходила в баню со старшей сестрой, у которой была большая грудь. Я тыкала в неё пальцем, смеялась и говорила: "Ха-ха-ха, у меня никогда такого не будет!". Как в воду глядела...
Анекдот, Всегда ставлю будильник так, чтобы утром можно было рукой дотянуться. Но он каждую ночь отползает, маленький запуганный мерзавец!
Анекдот, "Он весь в меня!"- рассказывала Белоснежка про секс с гномом.
Анекдот, В этом мире есть два человека, которые никогда не забудут про твой день рождения: твоя мама и Эльдорадо.
Анекдот, В пятницу муж говорит жене:\n- Дорогая, а давай устроим друг другу отличные выходные!\n- Ой! Конечно, любимый!\n- Ну, тогда до понедельника!
Анекдот, В России для того, чтобы быть богатым человеком, нужно всего ничего. Ну, например, ежегодно асфальтировать один километр МКАД. Причем каждый год один и тот же…
Анекдот, Разбавлять спирт?! Да ты с ума сошла! Человеческое тело и так на 80% состоит из воды. Пей так, там внутри само разбодяжится.
Анекдот, Небольшая разница в возрасте и весе и, напротив, большая разница в поле\nне давала нам шанса остаться просто друзьями.\n© liveinternet.ru/users/greh
Анекдот, Пятница в консерватории.\nЗвонок с вокального факультета на фортепианный.\n- Петрович, что вы там у себя делаете?\n- Пианинствуем.\n- Когда начнёте фортепьянствовать, нас позовите.
Анекдот, Проснулся от того, что кошка сидит и жрёт цветок. Отвесил ей поджопник. Веганство в этом доме не приветствуется.
Анекдот, Леди из Техаса даёт показания в суде.\n- Почему вы стреляли в грабителя шесть раз?\n- Потому, что когда я нажала на спуск седьмой раз, мой револьвер не выстрелил.
Анекдот, На соревнованиях по легкой атлетике копьё пролетело 70 метров, воткнулось в судью и пробежало ещё парочку.
Анекдот, Парень - девушке:\n- У меня квартира завтра будет пустая, приезжай.\n- Зачем?\n- Купим мебель, будем обставлять.
Анекдот, Длительные отношения — это когда первой фразой после секса может стать: — Ох ты ж, борщ забыла в холодильник поставить.
Анекдот, - Скажи честно, я жирная?\n- Нет, любимая, что ты такое говоришь... Давай лучше я сверху?
Анекдот, Зря милицию упразднили. Нужно было оставить вместе с полицией, а еще\nдобавить жандармов, карабинеров, рейнджеров и шерифскую службу. Здоровая\nконкуренция всегда полезна, расценки всегда снижаются.
Анекдот, - Жена в отпуске, брюки все грязные, купил джинсы, весь вечер укорачивал!\n- Хм, молодец!…  А чего в шортах пришёл?
Анекдот, Марья Ивановна задаёт задачу:\n- Утром Маша одолжила у Вовочки 100 рублей, а у Вити - 50. Сколько всего\nона должна будет вернуть ребятам вечером?\nВовочка:\n- Ну это уж как мы там вечером втроём договоримся...
Анекдот, Француженка возвращается из СССР, заходит в свою парижскую\nквартиру, идет в ванную, потом заваривает кофе, наливает\nрюмку коньяка, смотрит в окно на Эйфелеву башню, потягивается\nи говорит: ``Шарман, бля, шарман``.
Анекдот, Сейчас вместо слова удивлять одной девушке написал удиблять... все..\nеще одна душа на меня теперь в обиде......
Анекдот, Есть такая профессия - верой и правдой служить очередному правителю.
Анекдот, Уважаемые господа!\nПрибавьте, пожалуйста, мой долг по ипотеке к долгу Грецмм перед Евросоюзом. Вы и не заметите такой мелочи, а помощь хорошему человеку окажете огромную. Уверен, вам тоже буден приятно.\nСпасибо заранее.\nС уважением\nИ.П. Сидоров
Анекдот, Не всегда внутренний голос подсказывает правильно, иногда он просто над нами издевается.
Анекдот, Смена эпох в стране:\n- Библиотека\n- Дискотека\n- Ипотека
Анекдот, Еврея выкупили у сомалийских пиратов. Пираты остались должны тысячу баксов.
Анекдот, Жена звонит мужу:\n- Вадим, ты навигатор в машине трогал?\n- Да, дорогая... Я смотрел, какое расстояние между Москвой и Ярославлем.\n- Ну, спасибо тебе, Вадик! Я в Ярославле...
Анекдот, Я очень вежливый человек.... и даже когда посылаю человека нахуй, то\nвсегда перезваниваю и спрашиваю, как он добрался
Анекдот, Викторина на радио.\nВедущие: Как называется человек, положивший деньги в банк?\n1. Заёмщик.\n2. Вкладчик.\n3. Кредитор.\nОтвет: ИДИОТ!
Анекдот, Вовочку принимают в пионеры.\n- Как учишься ?\n- ``Хорошист``\n- Старшим помогаешь ?\n- А как же...\n- А скем Ты живешь ?\nВовочка покраснел:\n- Да там, с одной...
Анекдот, - Абрам, а что будет, если ты нарушишь одну из\nдесяти заповедей?\n- Останется еще девять.
Анекдот, - Э, ты в каком году родился?\n- В 1987-ом.\n- А зачем?
Анекдот, Сила мужчины заключается не в том сколько он соблазнил женщин, а скольким он смог отказать ради одной.
Анекдот, - Я решил стать вегетарианцем.\n- Толя, ты и раньше был козлом.
Анекдот, Теперь российские космонавты на МКС должны провести обыски на американском сегменте и дать американцам сутки на выселение.
Анекдот, Владимир Путин подтвердил, что является твердым сторонником свободы\nслова. "Мы свободно словим их всех!" - пообещал президент.
Анекдот, - Вовочка, а зачем ты свой дневник в угол поставил?\n- А я его наказал за двойки.
Анекдот, Интересно, доживем ли мы до того времени, когда во всем мире останется одна-единственная сеть супермаркетов. И называться она будет просто - "Корм".
Анекдот, Знакомая предложила в следующую субботу погулять в центре.\nРебят, подскажите, за сколько дней нужно подать заявку в мэрию?
Анекдот, Друг подарил мне кружку с голой бабой.\nЖена разбила кружку. А бабу прогнала...
Анекдот, Никогда так явственно не ощущаешь магию чисел, как в день получки.
Анекдот, - Милый, если ты поцелуешь меня еще раз,\nя буду на всю жизнь твоей!\n- Спасибо за предупреждение!
Анекдот, Самая маленькая демократия в мире это - Россия. Только два человека\nголосуют и голос только одного засчитывается.
Анекдот, Специальное предложение для малого бизнеса: при заказе баннера "Мы открылись!" таблички "Аренда" и "Продается" - в подарок!
Анекдот, Иду сегодня по городу, смотрю - хрень какая-то стоит. На ней написано: "Социальный лифт". Зашёл. Осмотрелся. Красиво. Всё сверкает. Кнопка только одна - "Подвал".
Анекдот, Доктор, с тех пор, как я женился, у меня что-то с глазами - Я НЕ ВИЖУ\nДЕНЕГ!!!
Анекдот, Депутат Хмуров выступил с законодательной инициативой: “Запретить всем улыбаться. Потому, что “от улыбки в небе радуга проснётся“, а это уже символ экстремистской организации“.
Анекдот, - Дорогой, когда ты наконец сделаешь мне предложение?\n- Ты не видишь, что творится кругом: тут слово нельзя сказать, а не то, что предложение.
Анекдот, - Ты, наверно, не поверишь, подруга, но я похудела с помощью "СУПЕР-ЯХОМБЕ".\n- Минуточку, так ведь это средство для повышения эрекции для мужчин!!!\n- Вот именно!
Анекдот, - Вы смотрели премьеру спектакля в МХАТе?\n- Нет. Я смотрел спектакль премьера в Думе.
Анекдот, В первый же день, когда мы привезли сына из роддома, при купании он обосрал тещу. Я уже тогда подумал – такой умный…
Анекдот, Из разговора соседей:\n- Я знаю, что ночью электричество стоит дешевле. Поэтому я всегда стараюсь запрограммировать стирку на 3 часа ночи.\n- А я и не знал этого, теперь я всегда буду включать свою дрель только ночью.
Анекдот, Заведующий кадрами:\n- Прежде чем принять вас на работу в нашу фирму, я хотел бы узнать,\nне склонны ли вы врать, ловчить, воровать, опаздывать...\nБезработный:\n- Нет. Но если это нужно вашей фирме, могу научиться.
Анекдот, Раздевая глазами постороннюю женщину, мужчина всегда втайне надеется, что ТАМ будет все как-то по-другому, хотя ТАМ всегда одно и то же.
Анекдот, Какая оперативность: не успели депутаты заявить об опасности изучения иностранных языков, как тут же сгорела библиотека, где книги на этих самых языках...
Анекдот, - Что происходит?! В номере радиатор греет, чайник свистит, радио и телевизор орут. Свет всю ночь горит, спать невозможно!\n- Всё правильно. У вас же в путёвке так и написано: "Всё включено!".
Анекдот, Абитуриент - приятелю:\n- Ну, сдал?!\n- Всё сдал!\n- Что - "всё"?\n- ЕГЭ - "неуд", анализы - "годен к строевой службе".
Анекдот, Каждый сам кузнец своего счастья.\nНо иногда попадается некуябельная заготовка.
Анекдот, - Ты сейчас деньги во что вкладываешь?\n- Сейчас в основном выкладываю.
Анекдот, "Нахал!" - совсем не значит "прекратите!"
Анекдот, Простите, а когда нефть закончится, от чего будет колебаться курс рубля?
Анекдот, Вопрос "Радио России":\n- Я подторговываю наркотой по мелочи и не работаю. Должен ли я платить налог с продаж как самозанятый?\n- Нет. Оптовик, у которого вы закупаете мелкие партии, уже заплатил за вас полиции и ФСБ все, что надо.
Анекдот, Самое правдивое по телевизору — это реклама.
Анекдот, Вопросом к девушке: "Дашь или не дашь?" вы только зарождаете мысль о\nвозможности двух ответов.
Анекдот, - Ваня, привет, в математике соображаешь?\n- Только после секса.
Анекдот, Муж:\n- Что-то твоя новая шляпка мне совсем не нpавится...\nЖена:\n- Hу не могу же я надеть на голову бутылку водки!!
Анекдот, - Сжигание импортного сыра с плесенью и хамона отнюдь не помогает росту курса рубля. Предлагаю впредь топить их в море, принося дары Посейдону.\n- Простите, а вы точно министр финансов?
Анекдот, Чтобы быть счастливым, нужно всего лишь убрать из своей души три чувства: жадность, зависть и ревность.
Анекдот, Ненавижу Интернет! Мне постоянно там приписывают фразы, которые я никогда в жизни не говорил!\n(с) Маяковский
Анекдот, В суде.\nЖена:\n- Я требую, что бы нас развели: муж без моего ведома продал все\nкухонные кастрюли, а деньги пропил.\nМуж:\n- Я тоже прошу развести нас: пропажу кастрюль жена заметила только\nна шестнадцатый день!!!
Анекдот, Национальная идея - пережить Путина.
Анекдот, Внимание, в городе появился новый интернет-провайдер!\nТелефон 02.\nРегистрация голосом.\nЛогон: "Менты".\nПароль: Козлы!\nСпециально обученные профессионалы выедут на место и пропишут вам\nкак первичный, так и вторичный DNS по самые помидоры...
Анекдот, Вчера, представляешь, стою в церкви, служба идет, вдруг рядом со мной\nбаба - ты не поверишь - ДОСТЕТ СИГАРЕТУ, ПРИКУРИВАЕТ И НАЧИНАЕТ КУРИТЬ!!!\nУ меня чуть пиво из рук не выпало...
Анекдот, - Ты как конец света будешь встречать?\n- Как все!\n- Ну, это понятно, а после?
Анекдот, Жена просит мужа купить сок Я и Российский сыр. Приносит сок Rich и Костромской. Жена, ругаясь на него, говорит:\n- Ну ладно, ты R с Я перепутал, но сыр на хрена Костромской?\n- А что, Кострома уже не Россия?!
Анекдот, Сказал маме, что сегодня было две пары. Про фуллхауз решил не говорить.
Анекдот, С точки зрения домашних котов тигры - это тупые качки, сидящие на анаболиках.
Анекдот, Такими темпами, скоро в каждом сквере будет храм, в каждом парке – собор, в каждом лесу – монастырь.
Анекдот, Вы тоже ночью, после того, как выключили свет, светите мобильником до кровати?
Анекдот, Послушал одну музыкальную группу... Ну что сказать - чтобы стать гениальным музыкантом, быть педерастом или наркоманом - недостаточно.
Анекдот, - Прикинь, глава Бурятии на открытии детского сада призвал "нести жен в спальни и заниматься наполнением детсадов"!\n- У меня в студии и кухни-то нет, не то что спальни...\n- У тебя хотя бы студия есть...
Анекдот, Мы не настолько богаты, чтобы покупать дешёвые вещи. Мы их берём в кредит.
Анекдот, Почему к женщинам не пишут инструкций, если они вечно ломаются?
Анекдот, Человек, в среднем, использует только 5% возможностей своего диплома.
Анекдот, - Российские налогоплательщики платят налоги, на которые содержатся футбольные клубы и канал, показывающий игры этих клубов, а ещё они должны покупать платные трансляции, в которых показывают игры этих клубов. Какой вывод напрашивается?\n- Во всём виноваты налогоплательщики!\n©
Анекдот, Винни-Пух говорит Пятачку:\n- Балин, да как же вы меня все задолбали... то Сова со своим птичьим\nгриппом, то ты, свинья, со своим H1N1...
Анекдот, Когда я ей предложил выйти за меня замуж, она упала со стула, прыгала на кровати, минут пятнадцать бегала по квартире от счастья и потом ответила:\n- Я подумаю...
Анекдот, В сельхозакадемии, чтобы сдать сессию, приходится реально пахать...
Анекдот, У меня очень много табу, но довольно плохая память.
Анекдот, Такой взрослый, а еще не определился, по какой профессии будет безработным.
Анекдот, Вызвал шлюху. Приехала бывшая супруга. Мир чересчур тесен...
Анекдот, Это вы в интернете такие смелые! А стоит вам сесть в кресло к парикмахеру, и кроме “Да”, “Угу” и “Да, так хорошо” от вас ничего не услышишь.
Анекдот, Немцы хотели поработить полмира, чтобы жить лучше.\nА теперь полмира прёт в Германию порабощаться, чтоб жить лучше.
Анекдот, Операция по дестабилизации Украины была задумана ЦРУ только для того, чтобы половина её областей перешла в Россию, а Европа за это наложила на Россию экономические санкции. Аналитики ЦРУ считают, что это без всякой войны уничтожит экономику России и Европы.
Анекдот, Нужны вторые олимпийские игры, где разрешён допинг, добавки, наркотики. Я бы не отказался посмотреть на соревнования бешеных мутантов.
Анекдот, Встреча президентов Молдавии и Украины - это когда каждая сторона понимает, что клянчить деньги у другой стороны совершенно бесполезно.
Анекдот, "В гробу я видел вашу Красную площадь!"\nВ. И. Ленин
Анекдот, Теща мечтательно рассказывает зятю о своем прошлом:\n- Когда я была молодой - я была глупой, наивной и очень некрасивой...\nЗять:\n- Мама, вы прекрасно сохранились.
Анекдот, Любителям пословицы: Наружняя оболочка ничего не значит, главное, что внутри.\nСпешу сообщить - электрическая зубная щетка и вибратор внутри имеют одинаковые моторчик и аккумулятор.\nА какая разная судьба.
Анекдот, У нас всем известно, что у нас воруют, но не многие понимают, в каком смысле "у нас".\n© konde13
Анекдот, Всё-таки положить на спящую на моих коленях кошку мобильник и позвонить\nна него, было не самой удачной идеей.
Анекдот, Ребенок никак не засыпает. Жена говорит мужу:\n- Включи ему телевизор. Там Путин рассказывает сказку про подъем нашей\nэкономики.
Анекдот, Россияне никогда не доверяли власти.\nВсе новые инициативы всегда воспринимали, как очередную попытку поиметь народ.\nИ, что характерно, ни разу не ошибались!
Анекдот, - Слыхал? В Париже, таки, запретили аренду электросамокатов.\n- Это радует. Теперь шансы увидеть Париж и не умереть - резко выросли...
Анекдот, Пациент спрашивает у доктора:\n-Каково мое состояние?\n-А хер его знает. Это медицинское чудо.
Анекдот, Два одессита прогуливаются по городу.\n- Ой, Нёма, смотри, ворона подобрала бумажку и бросила её  в урну!\n- Она, Изя, ещё пионеров помнит.
Анекдот, Хитрый слесарь Петрович сделал операцию по смене пола и ушел на пенсию в 55 лет!
Анекдот, Если ставить будильник не на 8:00, а на 8:02, к концу месяца у вас накопится один час сна.
Анекдот, Рыба благотворно влияет на кору головного мозга. Поэтому придуркам иногда нужно давать леща.
Анекдот, Жизнь тебя, конечно, поимеет, но выбор позы всё-таки за тобой!
Анекдот, Поскольку времени немного, я вкратце матом объясню…
Анекдот, Спит прапорщик. Вдруг - в комнате шорох.\nОн вскакивает:\n- Кто здесь?\n- Здесь никого нет.\n- Я не спрашиваю, кого здесь нет, я спрашиваю, кто здесь есть!!!
Анекдот, На прошлой неделе моя сестра застала меня, когда я дрочил, и обозвала\nизвращенцем. На следующий день я застал ее, когда она мастурбировала. И\nчто вы думаете? Она опять назвала меня извращенцем. Похоже, в этом мире\nнет справедивости...\nhttp://bash.org/
Анекдот, WADA наконец-то уличило российских футболистов в приеме допинга!! У них в крови обнаружена тормозная жидкость!
Анекдот, Милошевич обратился за помощью к Монике Левински,\nкак к единственному человеку,\nкоторый имеет опыт удовлетворения требований\nглавного члена НАТО.
Анекдот, - Ты сейчас где?\n- В шоке.\n- Подожди, не выходи. Я сейчас тоже подгребу.
Анекдот, Хочу спросить у 30-летних бородатых мальчиков в коротеньких штанишках и с рюкзачками за спиной. Вы что там, блять, носите?
Анекдот, Бабушка говорит внуку:\n- Нам нужно сплотиться вокруг президента, ведь мы  в кольце врагов!\n- Бабуль, а по телеку не сказали, зачем он нас в это кольцо завёл?
Анекдот, В Одессе на Привозе:\n- Мужчина, это же не ваша жена, шо же вы так мацаете эти помидоры!\n- Если бы я мацал их как свою жену, вы бы торговали уже томатным соком!!!
Анекдот, Бесплатная медицина лечит до последнего вздоха, платная - до последней копейки.
Анекдот, В некотором царстве, в некотором государстве народ довели до такого ступора, что уже никто ничего не мог предпринять. Кончилось это тем, что президент собственноручно застрелился, оставив предсмертную записку: "Всё приходится делать самому".
Анекдот, – Если вы хотите что-то умное, то это не ко мне, а к моей жене. Я всего лишь профессор.
Анекдот, Тест: вы согласны с утверждением?\nЯ: нет\nТест: если "нет", то объясните, почему\nЯ: тогда согласна
Анекдот, Она:\n- Я просто таю от твоих слов...\nОн:\n- А я твердею от твоих...
Анекдот, У меня увели мужа. Поставила решётки на окна, сменила замок, сижу и думаю: “Господи, хоть бы не вернули!”
Анекдот, - Клянись быть верным идеалам демократии!\n- Клянусь, о великий повелитель!
Анекдот, - Зачем ты по обеим сторонам смотришь? Здесь же одностороннее движение!\n- Чувак, это Россия - я бы еще и наверх посмотрел!!!
Анекдот, Одна голова - хорошо, один глаз – плохо.
Анекдот, Опираясь на многочисленные показания свидетелей, Басманный суд г.Москвы выдал ордер на арест гражданина Украины В.В.Кличко, который, находясь в Москве без регистрации, нанёс многочисленные телесные повреждения депутату Курской областной думы от партии "Единая Россия" Поветкину А.В.
Анекдот, Красивая женщина, как и хорошая книга, всегда немного истрёпанная.
Анекдот, Пятачок спрашивает Винни-Пуха:\n- Винни, ты зачем вступил в партию “Единая Россия”?\n- Чтобы быть поближе к меду, Пятачок.
Анекдот, Из дневника блондинки:\n"Как-то незаметно наша дружба с Вадиком переросла в мою беременность".
Анекдот, Сейчас стало так много людей, на которых природа отдыхает, что скоро все\nмы будем жить в заповеднике.
Анекдот, Hа пеpвую годовщину Чеpнобыля все киевские\nевpеи получили по 2 юбилейных медали:\n(1-я) За освобождение Киева\n(2-я) За взятие Одессы.
Анекдот, У меня такое чувство, что я себе не по карману.
Анекдот, Прививки Жириновского обнулились...
Анекдот, Сейчас в Рио-де-Жанейро ЗИМА. Это всё, что вам нужно знать о ЛЕТНИХ играх в Рио.
Анекдот, Тренировки в ФК "Анжи" (Махачкала) начинаются с тоста за родителей.
Анекдот, Здравствуйте, я Брунгильда Арчибальдовна. Это мой муж — Софокл Ибрагимович. Наши дети: Гвиневра, Венцеслав и Феврония. А это Таня, племянница. Мы ее немного недолюбливаем.
Анекдот, Черную полосу всегда сменяет белая. Если сегодня Вас укусила злая собака, не волнуйтесь, завтра укусит добрая.
Анекдот, Дума, скорее всего, не поддержит инициативу по легализации проституции. Зачем ей легальные конкуренты?
Анекдот, Кто выживет, тот и расскажет, как прекрасно мы жили.
Анекдот, - Чем закончатся переговоры России и Украины?\n- Тем, что Президент США объявит это большой своей победой...
Анекдот, - Дорогой, купи мне автомобиль? Ну пожалуйста!\n- Зачем тебе автомобиль на кухне?
Анекдот, В Америке СМИ пишут об американских бездомных.\nИ в России СМИ пишут об американских бездомных.\nПотому что в Америке свобода печати, и в России свобода печати.
Анекдот, Судя по тому, как московские власти "решают" проблему пробок, со столичных автовладельцев  уже можно брать дополнительный налог на недвижимость.
Анекдот, В интересах экономики рабы должны быть здоровыми, умными и культурными.\nИ главное, не должны считать себя рабами.
Анекдот, "Россияне могут ожидать роста доходов в 2019 году".\nОжидать они могут, а вот дождаться - вряд ли.
Анекдот, - Василий Иванович, там селяне старого педофила поймали!\n- Ну так расстреляйте.\n- Дык боязно. Он божится, что Ленина знал еще мальчиком!\nЛелик.
Анекдот, Российский бизнес готовится выйти на акции протеста под лозунгом: "Черный нал имеет значение".
Анекдот, - Прости! Не хотела тебе звонить, но если бы твоя жена нашла мое нижнее\nбелье у тебя в машине, было бы хуже... Ты его кстати нашел?\n- Я его еще вчера нашел.\n- Что же ты сразу не сказал!\n- А вдруг это не твое???
Анекдот, В большинстве своём люди разумные, но почему-то всё чаще сталкиваешься с меньшинством.
Анекдот, Сидит в ресторане компания,  выпивает. Один просит официанта:\n- Принесите, пожалуйста, две стопки водки и один маленький\nнаперсток.\nДостает из кармана маленького человечка:\n- Ну-ка, Федя,  расскажи нам еще раз, как ты в Африке колдуна\nна х.. послал.
Анекдот, - Человеческая цивилизация погибнет так: большая часть сопьется, остальная — задохнется.\n- С чего такие выводы?\n- Новость сообщили: Ученые научились получать спирт прямо из воздуха.
Анекдот, Экстремизм – это когда мешают воровать, а патриотизм – это когда уже украли.
Анекдот, Страдаете от безответной любви?\nУ нас есть лекарство!!!\nМОСКОВСКИЕ ПРОБКИ - НЕНАВИДИШЬ ВСЕХ!\n(Особенно эффективно в час пик в пятницу)
Анекдот, Рыцарю длинного стола круглый без надобности.
Анекдот, Это неправда, что я не люблю людей. Я просто не люблю, когда они дышат, или шевелятся, или разговаривают.
Анекдот, Разговаривают два собачника.\n- Я хотел своего сенбернара так выдрессировать, чтобы он лаял, когда\nзахочет есть. Сотни раз я показывал ему, как это надо делать!\n- Ну, и как успехи? Лает он теперь, когда голоден?\n- Нет, но он теперь ничего не ест, пока я не залаю...
Анекдот, Совесть - это такой атавизм сознания, который не позволяет получать\nудовольствие от подлости.
Анекдот, - Алло, это шоу "Стань звездой!"?\n- Да!\n- Скажите, а звездой - это как?
Анекдот, Дама никак не может подобрать себе платье. Продавщица говорит:\n- В этом году юбки будут намного короче.\n- Да, милочка, но у меня остались прошлогодние ноги.
Анекдот, Привоз.\n- Мадам, выберите мне лучок. Только покрасивее, пожалуйста.\n- А вам шо, в сервант?
Анекдот, "Как пройти пять километров". Пошаговая инструкция.
Анекдот, Мать говорит своей дочери:\n- Мне кажется, что ты выходишь замуж, не подумавши.\n- Но мама, ты же сама говорила, что мне еще рано об этом думать.
Анекдот, Выбери специальность себе по душе, и ты не проработаешь ни единого дня... Потому что по этой специальности, конечно же, никакой работы нет.
Анекдот, США не верят, что народ Сирии хочет видеть Асада у власти.\nА Сирия не верит, что народ США хочет видеть Трампа. И чё, бомбить Вашингтон?
Анекдот, Глупые пилят сук, на котором сидят, но еще более глупые суки пилят тех,\nпод которыми лежат.
Анекдот, Месси постоянно выигрывает Золотой мяч только потому, что среди претендентов нет Единой России, дочери Алсу и Лукашенко.
Анекдот, В Государственной Думе идет обсуждение закона о наказании за оскорбление власти. Вношу поправку: поскольку весь исторический опыт человечества показывает, что прославление власти гораздо опаснее для общества, за прославление наказывать вдвойне.
Анекдот, "Сейчас услугами московского метро пользуются 2.5 миллиарда человек в\nгод, но Правительство Москвы хочет отправить под землю еще больше людей"\n- вторая часть фразы как-то насторожила...
Анекдот, Я не понимаю людей, которые говорят: "Я не могу себе позволить"... Я себе могу позволить всё. Купить не могу, а позволить могу.
Анекдот, У меня в сбербанке 3 кредита. В сумму каждого кредита включена страховка моей жизни. Я могу умереть три раза!
Анекдот, Путин заканчивает 4-х часовое общение с народом. Ведущий говорит:\n- Ну что ж, вопросов больше нет.\n- Как так, - удивляется Путин, - а у меня еще два ответа осталось...
Анекдот, Трамп похвастался золотом Овального кабинета в Белом Доме, но многим показалось, что это дом бывшего начальника Краснодарского ГАИ.
Анекдот, .. Что-то уже поизносилось то, в чём мама родила...
Анекдот, ШВЕДСКИЙ АНЕКДОТ:\nПочему финны не летают в космос? Потому что, если хотя бы один финн полетит в космос, то вся Финляндия вымрет от гордости, а Дания и Норвегия - от зависти!
Анекдот, - Официант, а почему в тарелке так мало?\n- Да вы ещё не пробовали, а сразу жалуетесь
Анекдот, Самое востребованное мужчинами в женской логике – это ее носитель.
Анекдот, Женщина никогда не простит мужчине, которому она изменила!!!
Анекдот, Денег, отложенных на черный день, хватило лишь на половину дня.
Анекдот, - Во всём виноваты евреи и электросамокатчики.\n- А при чём тут... эээ... гм...
Анекдот, Каждому человеку хотя бы однажды в жизни следует заново перечитать "Букварь". Это позволит понять ему, в какой момент своей жизни он стал слишком сложным, надменным, угрюмым жлобом с непомерными амбициями.
Анекдот, Весна. Из-под снега показались первые робкие какашки...
Анекдот, Импланты для ягодиц - изощренный способ засунуть деньги себе в задницу.
Анекдот, Амстердам очень напоминает Тур де Франс - множество людей под наркотой ездят на велосипедах.
Анекдот, - Саид, а чего это в твоей гостинице столько дырок в потолке?\n- Стреляли...
Анекдот, Украина подала заявку на вступление в НАТО. Теперь она ждёт, когда НАТО добавит её в друзья и отметит на фотках.
Анекдот, -Ты что такая грустная?\n-Представляешь, встретились с любовником, все было так\nклассно, а потом пришел муж и пере@#$% все по-своему...
Анекдот, Умные строят мосты. Дураки строят заборы.
Анекдот, Возможно, для многих юных пользователей интернета это будет новостью, но лайки - это собаки.
Анекдот, Владимир Владимирович вскоре собирается прогуляться по Атлантическому\nокеану, а все археологи мира с нетерпением ждут этот день, когда они\nнаконец увидят долгожданную Атлантиду!
Анекдот, С нашей связью скачивать что-то из Инета то же самое,\nчто трахаться с использованием презерватива: долго,\nникакого удовольствия, не можешь кончить,\nи в самый неподходящий момент все рвется.\n(с) Карлеоне
Анекдот, - Дорогой, а что ты будешь делать, если я вдруг умру?\n- Немедленно застрелюсь.\n- Ах, как романтично! Но у тебя же нет ни ружья, ни пистолета.\n- У кого-нибудь одолжу. Потом отдам.
Анекдот, Братья Кличко бросили вызов Валуеву. Валуев сказал, что тоже придет на\nбой не один.
Анекдот, Карантин в московских школах установили только для младших и средних\nклассов потому, что у старшеклассников вирусы передаются в основном не\nвоздушно-капельным путем.
Анекдот, Британские ученые открыли американских ученых, которых по ошибке закрыли в женском туалете.
Анекдот, - Доча, у тебя появился парень?\n- Да.\n- Отлично! Передай ему, что теперь покупать тебе очередной Айфон - это его обязанность.
Анекдот, Мужик садится в такси.\n- Гони на Чехова!\nВодила:\n- Чехов - гад, сука и сволочь!
Анекдот, Качество жизни радует, только бы количество не подвело.
Анекдот, Сюжет детективов Дарьи Донцовой столь закручен, что даже сам убийца до\nпоследней страницы не знает, убийца ли он.
Анекдот, Сестры Уильямс под окном пили допинг вечерком.\nГоворит одна из Уильямс: "А не стать ли мужиком?"
Анекдот, Американцы спрашивают русского, смог ли бы он работать\nдегустатором на ликеро-водочном заводе. Увидев, как изменился\nв лице русский, они поинтересовались, не плохо ли тому...\n- Да нет, что вы, все ПРОСТО ОК! Только один вопрос:\nМОЖНО РАБОТУ НА ДОМ БРАТЬ???
Анекдот, Тяжело приходится таким людям, которые долго не могут найти свою вторую\nполовинку. Это ведь сколько чужих половинок в процессе поиска примерять\nприходится.
Анекдот, Вызываешь полицию, а приезжают менты.
Анекдот, Настоящий житель Владивостока даже кастрюли покупает с правой ручкой и\nб/у.
Анекдот, То, что я программист, не означает, что я могу починить тебе принтер! То есть я могу, но не потому, блядь, что я программист!
Анекдот, - Изя, как вы думаете, скоро наступит конец света?\n- Зяма, шобы сказать, шо конец этого света скоро наступит - то таки нет.\nА вот шо этот конец света будет себе дальше продолжаться - то таки да.
Анекдот, Чтобы стать счастливым, совсем не обязательно искать кого-то или чего-то.\nИногда достаточно от кого-то или чего-то избавиться.
Анекдот, Лишнего лучше никогда не говорить. Лишнее всегда лучше выслушать, а потом записать!
Анекдот, Чтобы начальник не заметил вас пьяным на работе, никогда не показывайтесь ему на глаза трезвым, чтобы ему не с чем было сравнивать.
Анекдот, Навальный очнулся; подбежали врачи, сказали, что тот очень долго был в коме. Встает Навальный, подходит к окну, отдергивает занавеску и радостно восклицает:\n- Я знал, что мы победим! Именно так я и представлял себе Россию будущего!
Анекдот, Вопрос: Как поделить 3 розы между двумя любовницами, чтобы никого не обидеть?\nОтвет: Одну розу таки подарить жене...
Анекдот, Если вы хотите, чтобы вам в ресторане положили большую порцию, скажите, что вы присматриваете место для свадьбы. И не забудьте снять кольца.
Анекдот, Лично я свой талант зарыл, потому что не хочу сидеть в тюрьме.
Анекдот, Хакеры из Санкт-Петербурга взломали сеть Microsoft и внесли изменения\nв ключевые коды новейших разработок корпорации.\nMicrosoft выражает им благодарность - теперь все работает.
Анекдот, Накладные ногти со вкусом бутерброда. Для очень нервных.
Анекдот, При общении с депутатами будьте осторожны. Тут один в шутку предложил брать утильсбор с пенсионеров, так сказать для их утилизации. Знаете, что он услышал в ответ?\n- А это мысль!
Анекдот, Женщине нужно звонить два раза. Чтобы она нашла телефон и чтобы ответила.
Анекдот, Мало кто знает, что в фильме "Викинг" Козловского сыграл Безруков.
Анекдот, — Я привыкла к тому, что меня добиваются.\n— Ясно.\n— К моему сердечку не так-то просто подобрать ключик.\n— Да я понял, отъебись только.
Анекдот, Диалог в НАСА.\n- Не могу перевести сообщение русских..\n- Чего пишут??\n- Ну, если дословно, к Фобос-Грунту зашла толстая полярная лисичка...
Анекдот, Я был милый, добрый, непредсказуемый, просто жутко обаятельный и\nвеселый, но что бы ни говорили, я как мужчина стал привлекательным\nлишь когда стал злобным, молчаливым, скучным и начал зарабатывать по\nчетыре штукаря зеленых.
Анекдот, Самый главный вклад в воспитание ребенка — правильно выбранный папа.
Анекдот, Я, конечно, подозревал, что литовцы - тормознутые, но так, чтобы только сейчас посмотреть "Мёртвый сезон", и обвинить Баниониса в работе на КГБ...
Анекдот, Понимая, что без перемен дальше жить нельзя, в Думе поменяли лимузины.
Анекдот, Очередной голливудский продюсер обвинен в харассменте. Обнаружилось, что в пятилетнем возрасте он в детском саду играл с девочками в доктора без их письменного согласия.
Анекдот, - У меня оригами не выходит никак.\n- А давно съел?
Анекдот, - Сёма, и шо ты весь вечер молчишь как вчерашняя риба на Привозе?\n- Таки думаю, Роза...\n- Нет, ви только гляньте на этого Архимеда! Он думает! Сёма, для этого у тебя есть я!
Анекдот, Встретились двое знакомых в кафешке за обедом.\n- Ты что здесь делаешь?\n- Понимаешь, жена отлично готовит, но не хочет этим заниматься.\n- Счастливый! У меня наоборот...
Анекдот, На голубой огонек в Останкино приехали почти все пожарные москвы :))
Анекдот, - А мы вчера с моим парнем поругались. Он мне сказал, что я сука...\n- А ты что?\n- А я ему, что он педераст.\n- А он что?\n- А он отхлестал меня своей сумочкой!
Анекдот, Было у царя три сына. Пришло время, и стало у царя девять внуков.\nА через некоторое время стало у царя 27 правнуков. И сказал царь:\n"Ну вас всех на фиг с вашей геометрической прогрессией".
Анекдот, Выступает Кириенко с докладом:\n- До моего назначения на пост премьера страна находилась на краю пропасти.\nИ я приложу все свои усилия, чтобы она сделала шаг вперед!
Анекдот, Мужская логика: узнаю - убью! Женская логика: хоть убей - узнаю...
Анекдот, К продавцу подошли два студента и, купив несколько пирожков, начали\nпререкаться:\n- Буду платить я, - говорит один.\n- Нет, я! - кричит другой.\n- Нет уж, я ни за что не дам тебе платить!\n- Не допущу, чтобы платил ты!\n- А я не возьму денег! - вскричал продавец, увлеченный спором.
Анекдот, - Рабинович, почему вы не пришли на субботник?\n- Моя жена сказала, что мне нездоровится.
Анекдот, — Кирилл?\n— Да, Мефодий?\n— Кириллица?! После всей нашей совместной работы?!\n— Ну… кирилломефодица просто слишком громоздко.\n— А почему бы не мефодица?!\n— Ничего личного, я просто выбрал того, кто идёт раньше по алфавиту.\n— Так ты этот алфавит и придумал, сукин ты сын!
Анекдот, Если бы сисадмины работали в МЧС:\n- Алло! Приезжайте, здесь жёлтая двенадцатиэтажка горит!\n- Ну, не знаю, у меня напротив такая же жёлтая двенадцатиэтажка, и она не горит.
Анекдот, Девушки, не верьте гороскопам! Весы не обманщики, вы правда столько весите.
Анекдот, Когда люди, зашедшие в автобус, стараются как можно меньше шуметь?\nКогда видят уснувшего кондуктора.
Анекдот, - Скажите, у вас есть резиновые жесткие диски?\n- Нет. Первый раз такое слышу. А где вам о таких дисках говорили?\n- Все время, когда на работе я собираюсь записать большой файл, мне говорят, что жесткий диск не резиновый.
Анекдот, Я не против, чтобы Путин был президентом... но почему опять России? Пусть это счастье хотя бы раз улыбнется Нигерии или Гондурасу.
Анекдот, Если твой парень перестал дарить подарки, ходит по квартире в вытянутых трениках и не стесняется при тебе пердеть - значит у него серьёзные намерения!
Анекдот, Если на сольный концерт пришло мало людей, можно ли считать это малосольным концертом?
Анекдот, - Ты слышал? Один из депутатов предложил штрафовать онлайн-кинотеатры за фильмы «Рэмбо» и «Клан Сопрано» на 3 млн рублей.\n- А их что, до сих пор смотрят?\n- Видимо, сами депутаты точно смотрят, поэтому, наверное, и фотографировать пленарные заседания запретили!\n© Дмитрий Свиридов
Анекдот, Знакомый точно описал жизнь в Израиле:\n- цены, как в аэропорту.
Анекдот, - Почему ты устроил драку на улице?\n- У меня нет денег, чтобы арендовать для этого помещение.
Анекдот, К чиновнику на улице подходит алкаш.\n- Дружище, 20 рублей не найдётся?\n- Да я боюсь, как бы весь миллиард в офшорах не нашёлся.
Анекдот, Кто-нибудь знает как отписаться от рассылки квитанций на оплату коммунальных услуг?
Анекдот, - Товарищи!\n- Уже нет.\n- Господа!\n- Еще нет.\n- Уроды!\n- Теперь да.
Анекдот, - Я мимо цирка не хожу. Меня клоуны пиздят.\n- Чо - серьезно?\n- Да нет, суки, с шуточками!!!
Анекдот, - Товарищ министр, глава ГИБДД купил 3 квартиры!\n- Подождём...\n- Товарищ министр, он уже десять квартир купил!\n- Подождём...\n- Да чего ждать-то?! Уйдёт!\n- Вот когда 22 квартиры купит, вот тогда и будем брать!
Анекдот, Самое травмоопасное - это слово "НЕТ", сказанное мужчиной в ЗАГСе.
Анекдот, Граждане, не ведитесь на провокации либеральных СМИ, никто с вас денег за сбор ягод и грибов брать не будет!\nЗаплатил за вход в лес и делай там что хочешь!
Анекдот, Пытаться изгнать воров из политики - все равно что махать рукой над дерьмом, чтобы отогнать мух. Они улетают, делают круг и снова садятся.
Анекдот, Звонок в офис провайдера интернет:\n- Алло! Это интернет?\n- Да, слушаем Вас!\n- Соедините с www.yahoo.com!
Анекдот, Вещи, которые начинаешь ценить с возрастом:\n- Суп;\n- Отсутствие новостей;\n- Ортопедические стельки;\n- Дневной сон;\n- Время. Его теперь реально не хватает.
Анекдот, Мужик поздно вечером забегает в парикмахерскую, которая ещё работает,\nподскакивает к девушке, стоящей у кресла:\n- Вы мастер? - спрашивает он.\n- Нет, я - стригущий лишай... - устало отвечает она.
Анекдот, Знаете, почему презервативы белого цвета?\nБелый цвет полнит.
Анекдот, Когда жена сказала мужу, что купила новые сапоги: кожаные, коричневые и с пряжкой, он и не подозревал, что это... три пары!..
Анекдот, Из газет: "В центре Омска обнаружили археологические объекты старше 2000 лет".\nПри внимательном рассмотрении ими оказались части городского водопровода, который, если верить коммунальщикам, был много раз заменён и модифицирован за последние годы.
Анекдот, В отделе нижнего белья мужчина обращается к продавщице:\n- Покажите мне, пожалуйста, бюстгальтеры 58-го размера.\n- Да нет таких размеров.\n- Не может этого быть, я мерил своей кепкой, как раз 58-й.
Анекдот, Погода так и просит остаться дома. Кто я такой, чтобы спорить с погодой?
Анекдот, Чтобы понять, как решить проблему, ты должен думать как проблема, жить как проблема, ты сам должен стать проблемой.
Анекдот, - Профессор, а вы знаете, что такое биатлон?\n- Ну что вы, конечно! Биатлон - это как секс: если вы не попали, то скорость вам уже не поможет.
Анекдот, — Как мы домой с тобой поедем?\n— А как ты хочешь?\n— А как правильно пишется , "порш" или "поршэ"?\n— Правильно пишется "троллейбус".
Анекдот, По степени наивности сказка "По щучьему веленью, по моему хотенью" космически уступает сказке о злых боярах и добром царе.
Анекдот, Очередь к стоматологу. Мама подбадривает пятилетнего Вовочку:\n- Не плачь, ты чего?! Ты же мужчина!\n- Я тряпка, только уведи меня отсюда.
Анекдот, При помощи элегантной зуботычины нетрудно тяжелый и шумный спор\nперевести в легкую и незатейливую драку.\nFirstonx
Анекдот, Покамасутриться – это утром сплавиться по Каме.
Анекдот, Без внятного ТЗ — результат ХЗ.
Анекдот, Если папа просидел с ребёнком один день, то он устал, а если мама просидела с ребёнком три года, то она нихера не делает.
Анекдот, - Девушка, постойте! У вас случаем в роду гусар не было?\n- Нет, а что?\n- Будут! Разрешите представиться - поручик Ржевский!
Анекдот, - Та-ак, слово из четырёх  букв: общепризнанный универсальный источник знаний.\n- Хрен, что ли?
Анекдот, Классическая ошибка, которую совершают проектировщики абсолютно надёжных систем, - недооценка изобретательности клинических идиотов.
Анекдот, В результате конверсии советской оборонной промышленности в продаже появились макароны калибром 5,45 и 7,62 мм.
Анекдот, Секс без обязательств - это когда вы договорились потрахаться, но так и не встретились.
Анекдот, Немолодая проститутка подходит к компании ребят на улице:\n- Молодые люди, а у вас не найдется сигаретки для прекрасной дамы?\nПарень, протягивая сигарету:\n- Держите... А что же она сама-то не подошла?!
Анекдот, Не... я конечно понимаю, что нас 70 лет пугали загнивающим капитализмом, но, какого хуя, нас уже 20 лет троллят его демо-версией???!!!
Анекдот, Тысячи людей публикуют в соцсетях посты: "Был сегодня на улице - кошмар, на улицах тысячи людей".
Анекдот, Что общего между Windows и Единой Россией?\nИх:\n1) Многие ругают\n2) Находят много ошибок\n3) Выбирает большинство
Анекдот, Надо родиться евреем в Одессе, чтобы затем уехать в Израиль и стать там русским!
Анекдот, После того, как робот-пылесос трижды пытался всосать кота, Мурзик попросил у хозяина швабру, вымыл все полы и сам стал сообщать о заполненном мусорном ведре.
Анекдот, Вот теперь я точно знаю, чем отличается мужчина от мудака!\nМужчина решает проблемы, а мудак их создает.
Анекдот, На заметку:\nЕсли тебя знакомая девушка попросила переустановить винду - не будь лохом! Сначала займись сексом, потом переустанавливай. Предложит наоборот - уходи!
Анекдот, - Знакомая?\n- Да так. Как-то в постели пересеклись.
Анекдот, - Ты такой настоящий, искренний, смелый, делаешь, что хочешь, говоришь всем то, что думаешь!\n- Я подбухнул.
Анекдот, Я ударил коленку, попросил жену нарисовать йодную сеточку...\nЗакончилось тем, что она мне на всю ногу написала зелёнкой: "Это мой муж, сука!", сказала, что "на всякий случай".
Анекдот, Москва раскололась надвое. Для одних Собянин сносный мэр, а для других невыносимый.
Анекдот, - Простите, вы мою собачку не видели? Маленькая такая, лохматая, вечно\nвсем под ноги кидается и громко гавкает.\n- Это такая, которая от пинка влёгкую десять метров пролетает? Нет, не\nвидел.
Анекдот, Известны тысячи способов убивания времени, но нет ещё ни одного способа его воскрешения.
Анекдот, Работа - это такой квест, чтобы покупать продукты.
Анекдот, Зарплата жены - это её зарплата! А зарплата мужа - это бюджет семьи…
Анекдот, - Почему вы ушли с предыдущего места работы?\n- С такой зарплатой уехать было невозможно.
Анекдот, из обьяснительной записки:\nя не пришел 5 января на работу, потому что думал что пришел.
Анекдот, Разговор со строителем:\n— Почему построенный вами элитный дом такого низкого качества?\n— Какая элита, такой и дом.
Анекдот, Реальность.\nВ России, попугай умеющий произносить хотя бы одно матерное слово, стоит\nв 100 раз дороже сородичей.
Анекдот, - Я требую адвоката!!!\n- Адвокаты кончились. Судью брать будете?
Анекдот, Объявление при входе в супермаркет «Грабеж средь бела дня. Пенсионерам скидка».
Анекдот, А Абрамович, небось, каждый день гречку жрет. Сволочь.
Анекдот, - Казимир Северинович, боюсь, что мы не можем взять ваш квадрат на выставку.\n- ЭТО ПОТОМУ ЧТО ОН ЧЁРНЫЙ?!
Анекдот, Насколько политкорректно сказать, что "Обама получил пальмовую ветвь"?
Анекдот, - Папа, расскажи сказку.\n- В одной большой большой стране подняли возраст выхода на пенсию, потому что демографическая яма в 90-х ...\n- Но папа, сейчас на работу идут те кто родился в 2000-х и яма уже уходит.\n- Сынок, но это же сказка.
Анекдот, Иван Сусанин был прирожденным лидером, способным повести за собой людей.
Анекдот, Надпись "Не влезай, убьёт!", понимаемая на всех языках мира буквально, для русского человека означает просто: "Ты поосторожней там, когда влезешь!".
Анекдот, - Научитесь никому ничего не рассказывать. Всё тогда будет хорошо.\n- Ага, я так от аппендицита чуть не умер.
Анекдот, Сомалийские пираты продолжают технический отбор судов, проходящих\nтранзитом через территориальные воды Сомали...
Анекдот, Учителя жалуются, что на онлайн-уроках часто появляются нетрезвые родители в трусах.
Анекдот, А казашки теперь называются назарбабы.
Анекдот, - Гиви, знаешь, я вот вчера совсем ничего не пил.\n- Аккуратней с этим. А то привыкнешь.
Анекдот, Небывалых размеров достигла коррупция в России. Даже на взятки\nустановлен откат в стократном размере!
Анекдот, В интеллигентном обществе вопрос "Ты когда успел нахомячить себе такое брюхо?" заменяют на "В каком возрасте вы перестали завязывать шнурки на ботинках?"
Анекдот, В Древней Греции идиотом называли человека, который не интересовался политикой. В наше время полно идиотов, которые политику сделали своим ремеслом.
Анекдот, Лето - оно как пиво. Вроде до фига же брали, а оно раз - и кончилось!
Анекдот, - Помогите! - отчаянно закричал ночью муж.\n- Что случилось? - будит его жена.\n- Надо же, приснилось, будто я снова женюсь и снова на тебе.
Анекдот, - Скажите, а когда будет следующий всемирный потоп?\n- Не знаю, там дата плавающая.
Анекдот, Обручальное кольцо - мощный артефакт, позволяющий женщине набирать вес в два раза быстрее.
Анекдот, В положении "тыжайтишника" бесит  не столько, что каждый просит тебя что-то подключить или наладить, а что в этом процессе на каком-то этапе обязательно прозвучит фраза: "ой, а я не знаю какой здесь пароль"
Анекдот, А вы проверьте, кто ходит на концерты Долиной. Столько последователей. Может, это семинары какие-то...
Анекдот, Хозяйке на заметку: ваш муж прослужит вам дольше, если давать ему почаще погулять.
Анекдот, В шоу-бизнесе в отличие от школы, мальчики хотят быть красивыми, а\nдевочки - сильными.
Анекдот, Всё было хорошо. А потом мне захотелось понять, почему.
Анекдот, Сноуден выступает на конференции в прямом эфире, а в фоне у него перфоратором долбят стену соседи и ему приходится за это извиняться. Зато никаких сомнений, что он именно в России.
Анекдот, Аксиома:\n- Число чистых сковородок на кухне у холостяка всегда равно нулю и от количества сковородок не зависит.
Анекдот, - Если не считать грех прелюбодеяния, я бы был святым.\n- А если считать?\n- Тогда мучеником.
Анекдот, Новый Русский объясняет налоговому инспектору источники доходов:\n- Ну, мы с Вованом регулярно играем на автоматах и всё время выигрываем.\n- Где же стоят такие автоматы?\n- Так Вован дома поставил, там и играем...
Анекдот, Петербуржцы настолько вежливые люди, что они никогда не обзовут человека.\nОни скажут: По нынешним временам, фильм с вашим участием мог бы претендовать на Оскар.
Анекдот, Первый выходной я не помню, потому что отхожу от работы‚ а весь второй день я думаю: "Завтра на работу".
Анекдот, Иногда язык финансистов бывает избыточно выразительным.\nТак выражение «порезать гражданку», всего лишь означает «сокращение социальных расходов».
Анекдот, Фраза "У него не все дома..." сейчас звучит как донос.
Анекдот, Хотите людям сделать приятное? Займите куда-нибудь очередь и минуты\nчерез две скажите вставшим за вами, что стоять не будете!
Анекдот, Стюардесса Светлана отпросилась с работы пораньше...\nБольше её никто не видел...
Анекдот, Объявление.\nИщу надёжного, честного, умного, смелого, богатого, щедрого мужчину без\nвредных привычек. Посмотреть бы на такого - хотя бы издалека.
Анекдот, Морально устал - хочу отдохнуть аморально.
Анекдот, Реклама: Покупайте советское банное мыло. Оно таки моет, а не просто\nувлажняет грязную кожу, сохраняя кислотно-щелочной баланс.\n(С) Роби
Анекдот, Два сотрудника КГБ едут в купе и рассказывают друг другу\nполитические анекдоты.\nПервый: - Погоди, я переверну кассету.\nВторой: - Да ладно, потом у меня перепишешь.
Анекдот, Когда я работала в интим-шопе, я поверила в настоящую мужскую дружбу. Парни часто заходили спросить, есть ли что-то для увеличения члена и для укрепления эрекции для друга, у которого проблемы.
Анекдот, - В армии тебя обязательно научат стрелять! - сказал прапор, изымая\nу новобранца две пачки "LM".
Анекдот, В зоомагазине.\n- А почему эта черепашка стоит 200 рублей, а эта - 300? Они же абсолютно одинаковые...\n- Эта проживет у вас 200 лет, а эта - 300.\n- А-а, понятно...
Анекдот, Десятиклассник Андрей при помощи бутылки Мартини, букета цветов и жарких\nслов сумел исправить тройку по химии за полугодие.
Анекдот, Закон пирожка\nНачинка всегда находится в противоположной укусу стороне,\nтак как она боится!
Анекдот, Ввели эмбарго на польские яблоки - яблоки подорожали. Ввели эмбарго на норвежскую сёмгу - рыба подорожала. На бензин эмбарго не вводили - бензин подорожал. Где логика?
Анекдот, Рабинович пришёл в ломбард и спросил, сколько он может получить за свою скрипку.\n- Пятьдесят гривен.\n- Таки не много. Додик Шлемензон, который живёт за стеной, готов дать тысячу.
Анекдот, Милые женщины, если вы думаете, что мужчины делят вас на худых и\nтолстых, красивых и уродин, молодых и старых и т. д и т. п, то вы\nошибаетесь. Для мужчин есть только два типа женщин: ДаНуНах и ЯбыВдул!
Анекдот, жена - водку, сок, мясо - пожарить?\nмуж - а водку-то зачем?\nона - совсем мозги пропил. спрашиваю - вот кусок мяса - пожарить?
Анекдот, У президента есть ядерный чемодан, теперь появился чемодан для связи с\nМЧС.\nВ общем, президент уже собирает чемоданы...
Анекдот, В отделе кадров фирмы рассматривают кандидатуру на должность главного бухгалтера:\n- Ваш опыт работы?\n- Отсидел уже два раза.
Анекдот, На экзамене по уголовному праву.\n- Можете ли вы сказать мне, что такое обман?\n- Это произойдет, профессор, если вы меня провалите.\n- Каким образом, поясните.\n- По уголовному кодексу обман совершает тот, кто, пользуясь\nнезнанием другого лица, причиняет этому лицу ущерб.
Анекдот, Мужчины, если вы с годами перестали видеть красоту и прелесть своей жены, не забывайте, что у других мужчин со зрением всё в порядке!
Анекдот, Если в три часа ночи в тёмном переулке вы встретите мужчину, который заговорит о ваших проблемах, то с большой долей вероятности можно предположить, что это не семейный психолог.
Анекдот, Для мужчины женитьба - это очень дорогостоящий способ для бесплатной стирки белья.
Анекдот, Если мужик рассматривает в бинокль голых женщин на пляже, это значит,\nчто у него дома нет компьютера с выходом в Интернет...\nRass
Анекдот, Каждая еврейская жена имеет:\n1. Много лишнего веса.\n2. Гениальных детей.\n3. Шлимазла мужа.
Анекдот, Зачастую девушка должна не только иметь терпение, но и терпеть имение.
Анекдот, Справедливо, когда побеждает сильнейший, несправедливо, когда это не ты.
Анекдот, В номинации "Самое доступное жилье в Сочи", победил железнодорожный вокзал.
Анекдот, Ребенок сотрудников Яндекса, отвечая на уроке, сначала рассказывает две рекламы.
Анекдот, Жизнь - интеграл глупости по времени.
Анекдот, Как стать КРАБОМ?\nНужно стать раком.\nИ пройти боком.
Анекдот, Вина — универсальный растворитель счастья.
Анекдот, Весь мир - театр. Скажите, где буфет?
Анекдот, Женщине необходим баланс: чтобы ее любили все, а она одного.
Анекдот, На необитаемом острове ебать некого. Закон жизни.\nЗато не выебут тебя. Закон Фостер'с.
Анекдот, - Вы слышали, коренные чукчи теперь могут ездить на Аляску без визы?\n- Конечно, слышал. Вы не представляете, сколько людей внезапно осознали себя коренными чукчами.\n- Вы имеете в виду родственников Абрамовича?
Анекдот, Пересев с автомобилей на вертолеты, президент с премьером тем самым ненавязчиво намекнули, что ситуация с состоянием автодорог в обозримом будущем точно не улучшится.
Анекдот, - Как у вас женщин всё сложно\n- Не сложно! У нас просто всё не просто\n- И я о том. Вам всё усложнить - проще простого
Анекдот, Мать дочери:\n-  Скажи, только откровенно, между вами ничего не было?\n-  Что ты, мама, абсолютно ничего, даже презерватива!
Анекдот, Жить в России можно лишь только в связи с обстоятельствами непреодолимой силы.
Анекдот, Если бы ситуацию в стране исследовал аналитик по данным о розничных продажах, он бы пришёл к выводу, что симптомами заражения коронавирусом является непреодолимое желание жрать гречку и сильный понос.
Анекдот, - Сейчас врачи действуют по протоколу.\n- А раньше?\n- Раньше лечили.
Анекдот, Женщина никогда не знает, чего она хочет, но не успокоится, пока этого\nне добьётся.
Анекдот, Звонок по телефону:\n- Добрый день! Вы прислали нам номер нового паспорта. Хотел уточнить, а дата рождения прежняя?
Анекдот, Правительство введёт не просто прогрессивный подоходный налог, но прогрессивно-прогрессирующий, а потом и патриарх подтянется с церковной десятиной.
Анекдот, - Папа, а у мамы какое из полушарий отвечает за логическое мышление?\n- Ты какие полушария имеешь в виду?
Анекдот, Стабильность - это когда курс доллара возвращается на место и рублёвые цены... тоже остаются на месте.
Анекдот, Дедушка наблюдает, как его внук пишет и вдруг говорит:\n- Я всегда удивлялся, как красиво пишут левши!\n- Но, дедушка, я же не левша!\n- Вот именно.
Анекдот, Вчера в темном переулке гражданка Иванова стала жертвой... а затем\nгоспожой...
Анекдот, Сенсационнное открытие в медицине сделал на каникулах ученик 5-го класса\nСидоров - опытным путём им было установлено, что чрезмерное\nупотребление соседской клубники ведёт к болезненным отложениям солей в\nмягких тканях пониже спины.
Анекдот, Все родители знают, что если из другой комнаты, где играют дети, доносится шум - то всё в порядке.\nА вот если они затихли - значит, уже что-то не то там творится и нужно идти проверять.\nНо есть ещё следующий этап:\nКогда ребенок из другой комнаты кричит: "Пожалуйста, не заходите сюда!"
Анекдот, Настоящего мужчину никогда не сломит война, боль или тяжёлый труд.\nЛишь простуда может превратить мужчину в капризного, беззащитного и безрукого ребёнка.
Анекдот, Пикет "Мир без косметики", состоящий из ненакрашенных женщин, распугал гей-парад, ОМОН и шабаш сатанистов.
Анекдот, Порядочная девушка скорее даст, чем возьмет.
Анекдот, Однажды я зашел в казино в Монте-Карло. Рядом со мной сел играть\nкакой-то субъект, и ему страшно не везло. Когда денег у него\nсовсем уже не стало, он сделал последнюю ставку... на жену.\nИ опять ему не повезло...\nОн выиграл.
Анекдот, Ельцин 1999: Я устал, я ухожу.\nПутин 2020: Я устал, уходите.
Анекдот, - Хочу мужчину. Чтоб красивый был, умный и при деньгах. Но не абы какой, а чтобы любить умел по-настоящему, чтобы цветы дарил.\n- А зачем ты ему?
Анекдот, Олигархи о кризисе. Один говорит:\n- Вот раньше строил дома на Рублевке, а теперь перешел на обустройство\nклозетов в Урюпинске!\nВторой:\n- А у меня был элитный автосалон, теперь торгую китайскими велосипедами!\n- А мне ваш кризис по фигу! Как шил рукавицы, так и шью, - сказал\nХодорковский.
Анекдот, А на семидесятом этаже нового московского небоскрёба расположится элитный роддом "Спарта".\nНекрасивым мальчикам - скидки.
Анекдот, А давайте на Масленицу сожжём дух Анкориджа? Совершенно бесполезная штука.
Анекдот, Каждый раз, оставаясь наедине с каким-нибудь животным, я на всякий случай говорю ему: "Я знаю, что ты умеешь разговаривать".
Анекдот, У винно-водочного лежит мужик.\nМилиционер:\n- Вы что, пьяны или что-то случилось?\n- Ни то ни другое. Я здесь для рекламных целей.
Анекдот, - У меня есть сто тысяч свободных денег – посоветуй, куда их потратить?\n- Вложи в себя.\n- Ну, нее… Столько пива и шашлыка я не осилю!\n- Я про обучение и саморазвитие.\n- Ой, нее… Лучше уже пивко с шашлычком!
Анекдот, - Дорогая, мне сделать так, как ты говоришь, или так, чтобы ты была довольная результатом?
Анекдот, Оператор службы техподдержки:\n- Нажмите звёздочку...\nАбонент-блондинка:\n- Звёздочка - это такая мохнатая точка?
Анекдот, При нынешнем качестве кандидатов поход на выборы можно сравнить с посещением публичного дома для выбора себе жены.
Анекдот, Два еврея поспорили, кто из них меньше  пожертвует  денег.\nКогда мимо проходил служитель, первый еврей положил копейку\nи победоносно посмотрел на второго.\n- За двоих, - смиренно произнес второй.
Анекдот, - Деньги есть? Купи закусь к водке.\n- 10 рублей только.\n- Ну возьми чёрной икры.\n- А что, её поштучно продают?
Анекдот, - Ватсон, как вам на вкус собака Баскервилей?\n- Я ее не ел, Холмс.\n- А миссис Хадсон говорит, что ели.\n- Почему вы верите ей, а не мне, Холмс?\n- Потому, что готовит еду она, а не вы.
Анекдот, - Встретимся?\n- Давай!\n- Как я тебя узнаю?\n- Я буду без спиннера.
Анекдот, Сегодня в супермаркете купил пирожок с рисом и яйцом. На кассе его пробили как кулебяку с капустой. Откусил - оказался с картофелем и грибами.
Анекдот, Жена на напольных весах:\n- Ой, какая я маленькая!\nМуж:\n- Ты хочешь сказать - толстенькая?\n- Вовсе нет, именно маленькая. По стандартам женщина с моим\nвесом должна быть на 20 сантиметров выше.
Анекдот, Гараж - это такой русский мужской клуб. Режим работы - круглосуточно.
Анекдот, Женщине для счастья нужна всего одна вещь. Но каждый день - новая!
Анекдот, Хозяйке на заметку: руккола лучше всего хранится в мусорном ведре.
Анекдот, Конец дня. Прием у ЛОРа, злого на всех и вся. Заходит "следующий":\n- Доктор, к вам можно?\n- (не глядя) Пошел на х@й!\n- Но вы же меня еще не осмотрели... :-\n- Хорошо. Скажите : А-А-А..\n- А-А-А..\n- А теперь пошел НА Х@Й!!!
Анекдот, Все те, кто вот уже 20 лет наперебой обещают нам счастливое будущее, сами всё это время живут в невообразимо прекрасном настоящем.
Анекдот, С возрастом мозг переходит из стадии "помню" в стадию "припоминаю",
Анекдот, Фраза "Давай останемся друзьями" означает, что я не люблю тебя, но видеть, как ты мучаешься, мне приятно...
Анекдот, Скажи алкоголю: "Нет... денег!".
Анекдот, — Одноразовые стаканчики есть?\n— Чистых нет!
Анекдот, - Любимая , какие у тебя красивые глазки!\n- Хм... (смущенно).\n- А какой у тебя ротик!\n- Хм... (смущенно).\n- Какой носик!\n- Хм... (смущенно).\n- А какие ушки!\n- Дурачок ... (закрывает лицо ухом).
Анекдот, Новость, которая поставила на уши все мировые СМИ, вызвала потрясения на биржах, свела с ума всех аналитиков: "Путин сходил на рыбалку и ничего не поймал".
Анекдот, Любовь - забавное превращение слепого в женатого.
Анекдот, Мужик приехал в Дикий Запад поохотиться на бизонов. Нанял себе индейца -\nпроводника. Идут они по пустыне, бизонов нету. Вдруг индеец падает ухом\nк земле. Потом встает и говорит:\n- Здесь недавно пробегали бизоны.\nМужик (удивленно):\n- Откуда ты знаешь?\nИндеец:\n- Все ухо в говне, еще и теплое!!!
Анекдот, Пышным банкетом и традиционным разбиванием бутылки шампанского\nотметили ввод в эксплуатацию нового судна санитары больницы номер 3.
Анекдот, Сообщение от жены:\n- Там в холодильнике ветчина на обед. Коту её не давай, она уже не слишком свежая.
Анекдот, Согласитесь, как-то двусмысленно звучит: "Экскурсия по самым красивым местам Нурсултана".
Анекдот, - Ты где была, что-то давно тебя не видела?\n- Да по работе в Италию ездила.\n- С тобой хоть не встречайся. Вечно настроение испортишь!
Анекдот, В России есть свобода слова... но создается такое впечатление, что это\nслово "пи$дец".
Анекдот, Опять в России рост цен с ростом экономики перепутали.
Анекдот, Я понимаю, что дома должно быть убрано, и должно быть, что покушать.\nЯ только не понимаю, а причём тут я?
Анекдот, Дед Пафнутий, увидев табличку с надписью "Курить строго запрещается!", закурил мягко, по-доброму...
Анекдот, Беседуют два мужика:\n- Я вчера жене в секс-шопе вибратор купил с гарантией.\n- Как это?\n- Ну мастер сказал, что если сломается, мне ничего делать не надо будет,\nон придет и сам все сделает.\nАндрей
Анекдот, Неисправимые оптимисты посмотрели новости и исправились.
Анекдот, Как на самом деле составляются гороскопы: В газете:\n- Тарас, ты кто по гороскопу?\n- Скорпион.\n- Так и запишем. На следующей неделе Скорпионы должны отдать долги,\nиначе их ждут крупные неприятности.
Анекдот, - Как ваша фамилия?\n- Грубо говоря, Шишкин.\n- А не грубо?\n- Сиськин.
Анекдот, Любопытно, что еще год назад Дания плакалась, что недалеко от Гренландии замечают присутствие русских подводных лодок, а теперь божится, что их там нет.
Анекдот, Авторадио провело розыгрыш на лучший ответ: "Кто носит три носка?"\nСреди ответов, которые преимущественно сводились к "чернобыльцы", победителем стала девочка - "Моя бабушка. У неё правая нога мерзнет".
Анекдот, На львиную долю больше всего претендуют львицы.
Анекдот, У какого животного четыре ноги и одна рука?\nУ довольного питбультерьера.
Анекдот, Нам седьмой день диеты у меня появилось странное видение: дверь в комнату открывается, в неё заглядывает холодильник, пристально на меня смотрит и потом тихонько закрывает дверь.
Анекдот, Девушкам на заметку:\nесли вы зимой опаздываете на свидание, то вас может ожидать холодный\nконец!
Анекдот, Деревенский кузнец сказал новому подмастерью:\n- Сейчас выну из огня подкову. Как кивну головой, бей по ней молотом.\nТак новичок-подмастерье сразу стал кузнецом.
Анекдот, В сумасшедшем  доме группа больных решилась на побег. На\nследующий день один из пациентов хмуро  заявляет:\n- Ничего  не выйдет, забор снесли!
Анекдот, Молодая пара в банке берет кредит:\n- На что кредит берем?\n- На бензин. На выходные хотим махнуть на шашлыки.
Анекдот, Обидно не то, что не имеющий никакого отношения к космосу пижон Брэнсон запустил свой космоплан, а обидно то, что эта хрень взлетела без всякого импортозамещения, госприёмки и без освящения попом. Чистая магия...
Анекдот, Астролог Юрий Лонго был госпитализирован после сеанса с Майком Тайсоном.\nБедняга всего-навсего сказал, что тот родился в год черной обезьяны.
Анекдот, Под запрещающий знак я повернул по команде автонавигатора.\nОн говорит:\n- Поверните направо.\nА я ему:\n- Там же знак!\nА он:\n- Делай, что я говорю! Тут сроду гаишников не было.
Анекдот, Вечно путаю ГИБДД и ЛГБТ.
Анекдот, Многое бы отдала за то, чтобы вернуться в день моего знакомства с некоторыми людьми и послать их нах*й.
Анекдот, У Анатолия Вассермана 90% бюджета уходит на карманные расходы.
Анекдот, - Посмотрел видеоклип с участием Ксении Собчак и Тимати. Я раньше думал,\nчто Тимати просто педик, а он, оказывается, ещё и зоофил...
Анекдот, Чем мощнее процессор на вашем компьютере, тем быстрее со своими задачами справится вирус.
Анекдот, Сидят в одной камере Алек Болдуин и депутат Рашкин:\n- Ты не поверишь, мне патрон холостой на боевой подменили...\n- Братан, хули не верить, мне фоторужье на винтовку Мосина подменили...
Анекдот, Муж жене:\n- Как тебе удается быть такой спокойной после того, как я наору на тебя?\n- Я просто чищу унитаз.\n- Как же это может успокаивать?\n- А я чищу твоей зубной щеткой.
Анекдот, - Что-то, больной, мне ваш кашель не нpавится!\n- Извините, доктоp, дpугого у меня нет...\nHаутpо:\n- Hу, вот! Кашель стал значительно лучше!\n- Что же вы хотели - целую ночь тpениpовался!
Анекдот, Почему 12 апреля пьяные космонавты не бьют палатки и не купаются в\nфонтане в Парке Горького?
Анекдот, На золотой свадьбе: "Да, проеб@л я свою жизнь, но зато с какой\nженщиной!"
Анекдот, Любовь к Родине легко усилить путем увеличения заработной платы\nв 10-15 раз.\n(c) Sj
Анекдот, Путин на пресс-конференции заявил, что в 2008 году страной будет\nуправлять уже другой человек. А помощник Путина добавил, что по\nединодушному мнению Запада, за восемь лет своего президентства,\nВладимир Владимирович стал совсем другим человеком.
Анекдот, Ряд субъектов РФ смог добиться успехов мирового уровня, эти субъекты\nшироко известны за рубежом, и многие из них там уже проживают.
Анекдот, За время пребывания Собчак в США индекс Доу-Джонса уже два раза обрушивался на 4% в день. Может, ее там оставить?
Анекдот, Как говорят в антидопинговом комитете - "Сейчас победить может каждый, а ты попробуй анализы сдай".
Анекдот, Папа читает маленькому Моне книжку "Му-му". Моня вздыхает.\n- Сынок, тебе жаль собачку?\n- Да, её ж можно было продать…
Анекдот, Врываются в поезд грабители. Один говорит:\n- Сейчас будем грабить и насиловать!\nПосмотрели, а в вагоне одни старухи.\n- Будем только грабить!\nВдруг одна старушонка возмущенно говорит:\n- Hетушки, нетушки, как договаривались.
Анекдот, Поступайте в педагогические ВУЗы! Профессия учителя дает вам и вашим\nблизким пожизненную гарантию от похищения с целью выкупа!
Анекдот, Великие подвиги, благородные поступки, удивительные открытия — вот до чего во все времена доводило людей отсутствие интернета.
Анекдот, - Ну шо я вам могу сказать, Семён Маркович!? Яша Рабинович был сволочью\nещё до того, как занялся ипотечным кредитованием...
Анекдот, Посылки, доставленные почтой России, наглядно демонстрируют принцип эксперимента Шрёдингера, до вскрытия посылка находится в суперпозиции, там одновременно может быть и телефон и фанерка.
Анекдот, Навальный, как ответчик, имеет право выбора оружия.\nОн выбрал решение квадратных уравнений на скорость.\n... хоронили генерала в закрытом гробу.
Анекдот, Встречаются Хаим и Абрам, которые не виделись много лет.\nХаим:\n- Абрам, я слышал, ты скоро отметишь 50-летие совместной жизни!\nЧто Саре подаришь-то?\nАбрам:\n- Помнится, на 25-летие совместной жизни я свозил Сарочку на отдых\nв Зимбабвe. Может, на 50-летие поеду, да привезу ее обратно....!?
Анекдот, Идет женщина по лестнице на 9-й этаж, лифт не работает, в одной руке сумка, в другой ребенок. Вдруг телефон звонит, она отвечает:\n- Алло. Привет. Дела нормально. А? Да нет, нет, нормально. Что?! Что я так часто дышу? Да сам ты трахаешься!
Анекдот, Специалисты утверждают: разница между проституткой и женой в том, что проститутка за ваши деньги исполняет ваши прихоти, а в браке за ваши же деньги вы исполняете прихоти жены.
Анекдот, - Кукушка-кукушка, а накукуй мне 100 лет!\n- А накукуй тебе столько?
Анекдот, Некоторые мужчины, когда при разводе приходится делить имущество, с тоской думают, что надо было предложить разделить тот первый совместный счет в ресторане и избежать брака...
Анекдот, - Люся, сколько мужчин  ты сделала счастливыми?\n- Пять, я уже пять раз разводилась.
Анекдот, Хотел книжку купить, обошёл три книжных, везде дорого, в итоге вискаря взял - он дешевле.
Анекдот, Я не покупаю секс-игрушки.\nЯ же взрослый мужик.\nЯ покупаю СЕКС-ИНСТРУМЕНТЫ.
Анекдот, Сначала ты хочешь власти, денег, самореализации, социальных изменений — потом ты хочешь поспать. Просто поспать, серьезно.
Анекдот, Президент Медведев переименовал милицию в полицию. "Наконец-то!" -\nсказал народ, собираясь в партизанские отряды.
Анекдот, Обедают муж и жена. Вдруг открывается дверь на кухню и вбегает\nсынишка.\nС: - Мама, меня все во дворе называют козлом рогатым.\nЖ: - Ну и что?\nС: - А в кого я такой рогатый, в тебя или в папу?\nЖ (с ехидцей глядя на мужа): - Kонечно, в папу.\n"Хорошо хоть не в меня", с облегчением думает муж.
Анекдот, - Что там читаешь?\n- Да вот, Новодворская считает, что СССР не победил Германию...\n- Я всегда подозревал, что нет никакой Новодворской. Это - переодетый Геринг.
Анекдот, Обидно, когда инстаграм запретил любой намек на секс, а у тебя не удалили ни одной фотки.
Анекдот, В нашей стране самые религиозные люди это те, кто верит в телевизор.
Анекдот, Доктор в платной клинике:\n- Я знаю, вы человек бедный, но у вас богатые родственники. Сообщите им, что лечение вас в нашей клинике обойдётся им на двадцать процентов дешевле, чем ваши же похороны.
Анекдот, Люблю май. Май — это все равно, что пятница.
Анекдот, - Привет, что-то тебя давно не видно.\n- В Израиле был, у Стены Плача.\n- Богу записочку положил, да?\n- Ага. "Буду не скоро. Яша".
Анекдот, Со всех концов света едут в столицу нашей Родины Москву гости, чтобы\nпройти паспортный контроль и встать на временный регистрационный учет в\nорганах внутренних дел.
Анекдот, — Как мне узнать, что на самом деле думает обо мне моя девушка? — спрашивает сын у отца.\n— Женись на ней.
Анекдот, Работать из дома? Я даже не работаю с работы.
Анекдот, Люди заводят детей, потому что боятся, что в старости не разберутся с новыми технологиями.
Анекдот, Спасибо деду за обеды!
Анекдот, Это не фотографии не получились, а вы у своих родителей!
Анекдот, - Значит так, черти. Надо напрячь терпил, чтобы пацаны могли поблатовать как им хочется.\n- Господин министр, можно для журналистов поподробнее?\n- Для лохов повторю. Нужно поднять ставку НДФЛ и увеличить пенсионный возраст, чтобы снизить назгрузку на бизнес.
Анекдот, Для дальнейшего улучшения медицинского обслуживания населения, минздрав РФ принял решение организовать предварительную запись вызова карет скорой помощи.
Анекдот, Сегодня Наполеону Бонапарту исполнилось 235 лет!\nЮбиляра пришли поздравить все сотрудники психбольницы.
Анекдот, Чем дольше я наблюдаю за людьми, тем больше понимаю Skynet.
Анекдот, Человек выходит из тюрьмы, сильно прихрамывая.\n- Что с тобой?\n- Да чего-то ногу отсидел...
Анекдот, - Бумеранг — уникальная вещь, только он способен возвращаться на то место, откуда его кинули.\n- На гаечный ключ, кинь над собой.
Анекдот, Девушка одевается особенно тщательно тогда, когда знает, что будет раздеваться.
Анекдот, Благодаря валютной ипотеке менеджер Александр бросил пить, курить, шляться по бабам и стал веганом.
Анекдот, Перестал носить фитнес-браслет после того, как поднялся пешком на 5 (ПЯТЫЙ!) этаж, а он мне: "незначительная активность". В смысле, блядь, незначительная? Я чуть не умер! Мне нужно марафон пробежать, чтобы ты доволен был, мразь электронная? Я деньги за тебя платил, чтобы ты чморил меня?!!
Анекдот, Пессимист: Жизнь - это медленная мучительная смерть.\nОптимист: Но зато ее можно ускорить!
Анекдот, Жена мужу:\n- Убери своё пиво с глаз долой, а то оно шепчет "выпей меня"!\nМуж:\n- Это оно мне шепчет. Не подслушивай моё пиво!
Анекдот, Всякий раз, когда в моей жизни случается пипец, я думаю, что он полный и окончательный, но оказывается, он только промежуточный.
Анекдот, Байден поручил выдать на Рождество всем американским семьям с маленькими детьми до семи лет по 68,5 долларов.
Анекдот, - Каждый раз, когда я смотрю на дедушкину саблю, у меня возникает желание воевать. - Да? - Но как только я увижу его деревянную ногу, мой пыл быстро остывает...
Анекдот, Мужик приходит в аптеку:\n- Дайте пачку презервативов.\n- Какого размера?\n- Да я точно не знаю...\n- Тогда вот что. Возьмите эту доску с дырками, пойдите в туалет\nи померьте.\nЧерез 10 минут мужик возвращается:\n- Я передумал, не нужны мне презервативы. Почем у вас эта доска?
Анекдот, Если работники не жалуются на зарплату, значит, воруют. И поэтому мы воруем и жалуемся.
Анекдот, - Ты же уже сказала, что он очень модный режиссер. Зачем добавлять, что постановки его говно?
Анекдот, Уникальные таблетки от всех болезней - ПРОСТОМЕЛ. Никаких осложнений.
Анекдот, Ненавижу, когда бездомные трясут чашками с мелочью. Неужели им так необходимо показывать, что у них денег больше, чем у меня.
Анекдот, Дед Мороз:\n- Здравствуйте, дорогие детишечки! Мы со Снегурочкой приехали к вам с\nсамого Севера. Для начала у нас запланирован конкурс стихов. Вы будете\nчитать стихи, а победит тот, кто первым принесет штопор.\nВеб-журнал ВокругСмеха. ру - http://vokrugsmeha.ru
Анекдот, - Девушка, что вы так плачете?\n- У меня сумку украли!\n- В ней, наверное, были ценные вещи?\n- Нет.\n- А что вы тогда плачете?\n- В ней был такой беспорядок… Мне так стыдно…
Анекдот, Лидеры по численности населения в мире:\n1. Китай. 2. Индия. 3. Facebook. 4. США. 5. Индонезия. 6. Twitter. 7. Бразилия.
Анекдот, Из учебника по русскому языку для 2 класса:\n"(Какая?) (что?) завела нас в (какой?) лес."
Анекдот, Сколько кота не корми, а в его желудке место для попугая всегда найдётся.
Анекдот, Теперь стало понятно, почему Дед Мороз со Снегурочкой, а Санта-Клаус один. Чтоб потом не оправдываться на обвинения в харассменте.
Анекдот, - Почему снова сближаются церковь и государство?\n- Вместе бизнес делать легче.
Анекдот, К великому сожалению, дурак с возрастом не умнеет, а становится старым дураком.
Анекдот, - Ида Казимировна, вы же интеллигентная женщина и ударили нашего старшего научного сотрудника утюгом, какая же это самооборона?\n- Не случилось, знаете ли, веера под рукой.
Анекдот, — Вовочка, что для тебя 1 сентября?\n— Это день, когда я начинаю скучать по каникулам.
Анекдот, Объявление: "Выход из больницы через патологоанатомическое отделение".
Анекдот, На скользком тротуаре количество интеллигентных людей резко сокращается.
Анекдот, У вас тоже было, что приходишь к парикмахеру, который постоянно выкладывает фотографии красивых причёсок, но вас он после стрижки не фотографирует?
Анекдот, – Почему у нас дороги плохие?\n- Дураки уж больно хорошие!
Анекдот, Удовольствие имеет важное достоинство: в отличие от счастья, оно существует.
Анекдот, 2017 год.\n- Хороший у вас городок.\n- Спасибо, мистер Путин, жаль туристов совсем мало.\n- … Я что-нибудь придумаю…
Анекдот, Мы очень хитрая страна. Наши спецслужбы под видом частных лиц скупают виллы вдоль побережья Испании, Франции и Майами, чтобы у этих стран не осталось выхода к морю.
Анекдот, Окончательный выход из ограничений, связанных с эпидемией коронавируса - это удаление приложения "Zoom" с компьютеров.
Анекдот, Первое января: Пока я завтракал, стемнело!\nЮрий Здетоветский
Анекдот, - Давай встречаться?\n- Давай! А с кем?
Анекдот, Объявление:\n"В связи с пандемией туалет закрыт на карантин.\nСсыте удаленно".
Анекдот, Когда народ говорит государству, что оно его не удовлетворяет,\nто государство начинает любить его еще интенсивней.
Анекдот, - Ты где работаешь?\n- На работе.\n- А что ты там делаешь?\n- Домой хочу.
Анекдот, Полицейский: Немедленно уберите лозунг –«Чиновники – воры!»\n- Так это не про наших!\nПолицейский: Уберите! Наши тоже воры!
Анекдот, - Дяденька, это вы подбили танк?\n- Я.\n- Дяденька, это ж - советский танк!\n- Я-Я.
Анекдот, - Как твоё финансовое положение?\n- Ну... В ход пошло сувенирное мыло.
Анекдот, Расизм противоречит духу нашего народа. Мы, как высшая раса, должны быть выше этого.
Анекдот, Несмотря на все мои усилия, есть люди, которым я нравлюсь.
Анекдот, - Свидетель, вы утверждаете, что потерпевший и подсудимая жили как муж и жена?\n- Ой, что вы, ваша честь, гораздо лучше...
Анекдот, Кто сказал, что наша страна давно не строит коммунизм? Просто теперь она\nего строит лишь для нескольких человек.
Анекдот, из жалобы: продавщица обозвала меня старым хреном и другими пожилыми\nрастениями
Анекдот, Общепринятое мнение: лучше заниматься сексом, чем войной. Но почему тогда просмотр фильмов про войну поощряется, а про секс - ограничивается?
Анекдот, Женился пожилой пpеподаватель на молодой студентке.\nВ пеpвую бpачную ночь:\n- Леночка, у тебя мальчики были?\n- Нет.\n- Леночка, а тебе мама ничего не pассказывала?\n- Нет.\n- А подpужки?\n- Нет.\n- А в книжках ты ничего не читала?\n- Нет.\n- Вот беда-то, и я все позабыл.
Анекдот, Негритянка белому:\n- Если ты начнешь ко мне приставать, я обвиню тебя в домогательстве!\n- Я не буду к тебе приставать!\n- О, так значит, ты ещё и расист!
Анекдот, Концерн «Калашников» представил будущего конкурента Tesla на базе автомобиля Москвич «Иж-Комби».\nНа очереди флешка на 1 Гб на основе аудиокассеты МК-60.
Анекдот, На днях покупал деталь для унитаза, но я не знал её названия. Заходил в каждый магазин сантехники, уверенно подходил к продавцу, облакачивался на стойку и заговорщицким тоном говорил: "Добрый вечер! Представьте себе унитаз…".
Анекдот, Моя жена пришла с корпоратива, ужратая как свинья, но зато притащила\nотличные апельсины! Вот и верь после этого поговоркам...
Анекдот, О СЛОГАНАХ\n"Юкос - нам 10 лет".\nВнизу подись: "Не возражаю. Прокуратура".
Анекдот, Голубям насрать было на старого дворника Михеича. Да собственно и Михеич\nсрать хотел на голубей. Вот только у голубей это дело получалось\nлучше...
Анекдот, Муж с женой лежат в постели. Жена:\n- Тебе хорошо?\nМуж (уверенным голосом):\n- Мне - хорошо!\nЖена (задумчиво, с сожалением):\n- Хорошо тебе!..
Анекдот, Черчение - строевая подготовка конструктора.
Анекдот, Начальство постоянно на меня давит. Но они не знают, нельзя сломать то, что не работает.
Анекдот, Немецкий порнодетектив, - до конца фильма непонятно, кто кого.
Анекдот, Чем круче была диета, тем легче потом гроб нести.
Анекдот, При приеме-передаче дел и должности новому министру обороны Сергей\nИванов подарил ему на память затрепанную книгу "Вооруженные Силы для\nчайников".
Анекдот, - Ну, как прошло свидание?\n- Восхитительно! Уже через час не утерпели и пожали руки.
Анекдот, У пластических хирургов появились новые услуги для политиков.\nЧестное лицо - 100000 евро\nПорядочное лицо - 200000 евро
Анекдот, - Ну и как там, за бугром?\n- Скучно, смертельно скучно.\n- Зато у нас весело, правда тоже смертельно.
Анекдот, Варвары в понимании древних - это те, кто не понимает языка коренных обитателей страны. Похоже, что это старое определение снова приобретает свою актуальность
Анекдот, Жена все время говорит о поездке на Канары.\nНичего не имею против.\nПусть говорит.
Анекдот, Пока ты стоишь лицом к своему прошлому, ты стоишь жопой к своему будущему!
Анекдот, Только свиньи могут утверждать, что во всем виноваты украинцы!
Анекдот, Сидят подруги, выпивают. Одна другой жалуется на мужа:\n- Такой сякой, гуляет направо-налево! Не любит он меня больше, не люби-и-и-и-т!\nВторая, устав от причитаний, успокаивает:\n- Да любит он тебя, любит! Он когда кончает, всегда меня твоим именем называет!
Анекдот, У меня дома стоит беговая дорожка. И я не знаю, что бы я делал без неё. Наверное, просто разбрасывал бы вещи по квартире.
Анекдот, - У тебя муж готовить умеет?\n- Нет, но жарит он профессионально...
Анекдот, Купил таблетки для повышения интеллекта. Не смог открыть коробку.
Анекдот, Зашёл в метро, стоит девушка беременная, месяцев 8-9. Милостыню просит! Жалко её стало, уже года два стоит, никак родить не может...
Анекдот, Время скоротечно, еще вчера ты играл с пацанами в футбол во дворе, а всякие алкаши просили пнуть мяч, а уже сегодня этот алкаш - ты.
Анекдот, Редактор лондонской газеты получил письмо из Эдинбурга, в котором предупреждалось:\n- Джентльмены, если вы не прекратите печатать анекдоты о скупых шотландцах, я перестану занимать вашу газету у своего соседа.
Анекдот, Почему на уроках труда девочек учат шить юбочки и переднички, учите сразу: гвозди забивать, стулья чинить, лампочки вкручивать, санузел менять - это хотя бы пригодится!
Анекдот, - Сколько раз тебе можно повторять: нету такого слова "нету"!
Анекдот, - Ты тоже пылесося, поднимаешь застрявшую ниточку и бросаешь её обратно\nна ковер, давая пылесосу ЕЩЁ ОДИН ШАНС?
Анекдот, Если вы случайно вместе с едой съели упаковку, не паникуйте, по своему составу они почти ничем не отличаются друг от друга.
Анекдот, В России никак не могут выбрать название для "Макдональдса", потому что давно разучились называть вещи своими именами.
Анекдот, Не покупайте с рук Рембрандта, могут подсунуть Рубенса.
Анекдот, Купил книгу по эффективному управлению. В первой главе написано, что нужно делегировать больше полномочий. Дальше дочитывает мой зам.
Анекдот, В детстве мне мама говорила: «Не ешь перед обедом сладкое — аппетит перебьешь». Прошло время. Я вырос, и теперь ем сладкое весь день в надежде, наконец-то, перебить этот дурацкий аппетит!
Анекдот, Хозяйкам на заметку.\nПравильные домашние весы для своих должны делать скидку, как для постоянных клиентов.
Анекдот, С новым президентским сроком Путина Россия официально станет страной\nповторно используемых презиков.
Анекдот, Чем сильнее чиновник любит Родину, тем большую часть Родины он старается перевести в свою частную собственность.
Анекдот, Поговорил с соседкой-бабушкой у своего подъезда. Расспрашивала где я работаю, сошлись на том что на работе я занимаюсь установкой окон (windows), а для души развожу пингвинов (linux).
Анекдот, Срочное сообщение:\nНа складе Почты России возник пожар.\nГражданам, заказавшим 5-й айфон сообщаем: забудьте и начинайте копить на шестой.
Анекдот, Начиная понимать женщину, перестаёшь понимать себя.
Анекдот, Синдром Золушки оказался жесток и беспощаден: встала ночью водички\nпопить, хотела вытереть пятно на столе и вымыла всю кухню...
Анекдот, Поругалась с мужем. Не стираю, не убираю, не готовлю... Господи! Только б он мириться не надумал!..
Анекдот, Новое блюдо "Мексиканский Залив": креветки под машинным маслом
Анекдот, Раньше было две заразы, от которых невозможно оторваться — семечки и телевизор. А теперь еще кто-то интернет придумал!
Анекдот, - Всем лежать! - отчаянно кричал патологоанатом.\nОн, находясь не в своём отделении, почему-то всегда сильно нервничал...
Анекдот, В переводе с древнегреческого слово "варвары" означает "понаехали тут!"
Анекдот, Палиндром недели:\nЛидер бодро, гордо бредил.
Анекдот, Лошадиная доза алкоголя - лучшее лекарство от собачей жизни.
Анекдот, Мы медленно запрягаем, быстро едем и сильно тормозим.
Анекдот, Наше правительство можно показывать по телевидению только в двух передачах: "Человек и закон" и "Очевидное-невероятное".
Анекдот, Если от вас отвернется Фортуна, вами может заинтересоваться Фемида...
Анекдот, Пришла весна и качели можно лизать без последствий.\nНо вкус уже не тот...
Анекдот, Продаются прикольные матрёшки:\nРусская : Ленин, снимаешь верх – там Сталин, потом Хрущёв, за ним Брежнев, далее Горбачёв, следующий Ельцин, внутри Путин, очередной Медведев, БАЦ! – и снова Путин.\nБелорусская : она почему-то вообще не открывается.
Анекдот, Каждый тунеядец мечтает стать иждивенцем.
Анекдот, Ссора между мужчиной и женщиной.\nМ: - Да чтоб твоим детям жены как ты достались!\nЖ: - Да как ты можешь такое детям желать?!!
Анекдот, Хирург разглядывает рентгеновский снимок:\n- Да-а-а! Ключица поломана, два ребра сломано, трещина в малой берцовой\nкости. Ну ничего, в Photoshope все исправим!
Анекдот, - Почему вы расстались?\n- Он говорил, что с ним я буду жить как в сказке…\n- И что? Обманул?!\n- Нет. Но он не сказал, что это будет сказка Гофмана!!!\n©
Анекдот, Есть девушка - есть проблема. Нет девушки - есть проблема.\nПроблемам вообще пофиг на происходящее.
Анекдот, Первые девять месяцев я рос без отца. Ну он порой заглядывал, конечно, но меня это не касалось.
Анекдот, Ночью снился эротический канал: девушки, томные вздохи, красавица Саша Грей. Проснулся, быстренько сбегал в туалет, попил водички и бегом досматривать. Заснул. А тут танки, казармы, окопы, взрывы. Какая-то сука на канал «Звезда» переключила.
Анекдот, Знаете ли вы, что:\nЗа конфискацию шпаргалки написанной на пятихатке препод может схлопотать нехилый срок.
Анекдот, Учителю русского языка даже пришлось с размаху ударить кулаком по столу, чтобы наглядно продемонстрировать ученикам 11 класса первоначальное значение глагола "трахать".
Анекдот, Новосибирец выбросил любовницу с 10-го этажа, но она со словами "Я не договорила, козёл!" залезла обратно...
Анекдот, - И тут я попросила его поцеловать меня, как в последний раз...\n- А он что?\n- Ты представляешь, в лоб меня, скотина такая, поцеловал.
Анекдот, Съёмка передачи "Голые и смешные" в вагоне с дембелями закончилась не по сценарию.
Анекдот, Вот говорят "Не занимайтесь самолечением по интернету". Бред! Например, вчера зашел на сайт кардиологического центра, узнал цены - сразу сердце отпустило. Кашпировский отдыхает.
Анекдот, Удав Евгений был самым добрым и открытым животным в цирке и так любил обниматься, что каждую неделю у него появлялся новый дрессировщик.
Анекдот, - Пап, а что такое нюансы?\n- Как-бы тебе это объяснить... Ну смотри: Путин пошел на новый срок и Навальный пошел на новый срок - вроде у каждого по новому сроку, но есть нюансы...
Анекдот, Когда Порошенко понял, во сколько ему обойдется победа Джамалы, он истратил половину бюджета Украины на смс-голосование за Лазарева.\nНо и это ему не помогло.
Анекдот, В телефонной книге Нью-Йорка до Второй мировой войны было 22 фамилии Гитлер и ни одной - после.
Анекдот, Не нужно мужчину заставлять делать что-либо, просто намекните ему, что он для этого староват...
Анекдот, - Василий Иванович, ты ``барыню`` можешь?\n- Могу, Петька, могу.\n- А ``цыганочку``?\n- И цыганочку могу.\n- А ``буги-вуги``?\n- А это что еще за бл..ь такая?
Анекдот, Специально для жителей Москвы Автоваз планирует выпуск модели с\nмаксимальной скоростью 2-3 км/час.\n(c) Sj
Анекдот, - Алло, па-ап!\n- Что случилось?\n- Я нечаянно попал камнем в "Майбах".\n- Ты кто такой?! Не звони сюда больше, слышишь!
Анекдот, - Я требую, нет, настаиваю: дайте мне Нобелевскую премию!\n- Иди нахер, придурок...\n- Хорошо. Тогда я требую, настаиваю, чтобы вы отобрали ранее выданные нобелевские премии. Вот, я тут и списочек составил...
Анекдот, — У тебя на уме одни сериалы. Я ухожу!\n— Но мы вместе уже пять сезонов!
Анекдот, – Какую укладку ты предпочитаешь?\n– Больше всего мне нравится укладка в кровать.
Анекдот, ... что общего между шахидом и обманутым мужем?\nИ тот, и другой мечтают отомстить неверным!\n... а в чем различие?\nМуж хоть знает за что...